-- phpMyAdmin SQL Dump
-- version 5.2.0
-- https://www.phpmyadmin.net/
--
-- Servidor: 127.0.0.1
-- Tiempo de generación: 10-06-2023 a las 13:27:32
-- Versión del servidor: 10.4.24-MariaDB
-- Versión de PHP: 8.1.6

SET SQL_MODE = "NO_AUTO_VALUE_ON_ZERO";
START TRANSACTION;
SET time_zone = "+00:00";


/*!40101 SET @OLD_CHARACTER_SET_CLIENT=@@CHARACTER_SET_CLIENT */;
/*!40101 SET @OLD_CHARACTER_SET_RESULTS=@@CHARACTER_SET_RESULTS */;
/*!40101 SET @OLD_COLLATION_CONNECTION=@@COLLATION_CONNECTION */;
/*!40101 SET NAMES utf8mb4 */;

--
-- Base de datos: `laravel`
--

-- --------------------------------------------------------

--
-- Estructura de tabla para la tabla `carrito`
--

CREATE TABLE `carrito` (
  `id_carrito` int(11) NOT NULL,
  `nombre_poducto` varchar(255) COLLATE utf8_unicode_ci NOT NULL,
  `precio_producto` int(11) NOT NULL,
  `usuario` int(11) NOT NULL
) ENGINE=InnoDB DEFAULT CHARSET=utf8 COLLATE=utf8_unicode_ci;

--
-- Volcado de datos para la tabla `carrito`
--

INSERT INTO `carrito` (`id_carrito`, `nombre_poducto`, `precio_producto`, `usuario`) VALUES
(1, 'Escritorio madera lannister', 250000, 2),
(11, 'mesa tv flat 65', 60000, 2),
(14, 'Escritorio gamer formeo', 10000, 2),
(20, 'Mesa tv 65', 300000, 2),
(35, 'Mesa tv 65', 300000, 2),
(36, 'Mesa tv 65', 300000, 2),
(37, 'Mesa flotante tv good', 100000, 2),
(38, 'Mesa flotante tv good', 100000, 2);

-- --------------------------------------------------------

--
-- Estructura de tabla para la tabla `categoria`
--

CREATE TABLE `categoria` (
  `id_categoria` int(10) NOT NULL,
  `nombre` varchar(50) COLLATE utf8_unicode_ci NOT NULL,
  `descripcion` varchar(50) COLLATE utf8_unicode_ci NOT NULL,
  `tipo` varchar(255) COLLATE utf8_unicode_ci NOT NULL
) ENGINE=InnoDB DEFAULT CHARSET=utf8 COLLATE=utf8_unicode_ci;

--
-- Volcado de datos para la tabla `categoria`
--

INSERT INTO `categoria` (`id_categoria`, `nombre`, `descripcion`, `tipo`) VALUES
(1, 'sala', 'Juguetitos para que te diviertas', 'recreativo'),
(2, 'gamers', 'Para te pongas bonita', 'vestimenta'),
(3, 'habitacion', 'Para que pases un buen rato', 'utilizable'),
(4, 'cocina', 'Para te pongas bonita', 'vestimenta'),
(5, 'estudio', 'Para te pongas bonita', 'vestimenta');

-- --------------------------------------------------------

--
-- Estructura de tabla para la tabla `cliente`
--

CREATE TABLE `cliente` (
  `id_cliente` int(10) UNSIGNED NOT NULL,
  `id_documento` int(10) NOT NULL,
  `primer_nombre` varchar(50) COLLATE utf8_unicode_ci NOT NULL,
  `segundo_nombre` varchar(10) COLLATE utf8_unicode_ci NOT NULL,
  `primer_apellido` varchar(10) COLLATE utf8_unicode_ci NOT NULL,
  `segundo_apellido` varchar(10) COLLATE utf8_unicode_ci NOT NULL,
  `numero_documento` int(10) NOT NULL,
  `numero_telefonico` varchar(50) COLLATE utf8_unicode_ci DEFAULT NULL,
  `num_Domi` varchar(255) COLLATE utf8_unicode_ci NOT NULL
) ENGINE=InnoDB DEFAULT CHARSET=utf8 COLLATE=utf8_unicode_ci;

--
-- Volcado de datos para la tabla `cliente`
--

INSERT INTO `cliente` (`id_cliente`, `id_documento`, `primer_nombre`, `segundo_nombre`, `primer_apellido`, `segundo_apellido`, `numero_documento`, `numero_telefonico`, `num_Domi`) VALUES
(1, 2, 'ALIRIO', 'TATIANA', 'SOLANO', 'LOZANO', 1022998976, '3208424341', 'CALLE 38A SUR #90D-32'),
(2, 2, 'ANGELLO', 'FELIPE', 'TRIANA', 'LOZANO', 1022990481, '3204994784', 'kr 87a 6a 15'),
(3, 2, 'BRAYAN', 'SANTIAGO', 'PEREZ', 'ROSERO', 1022995378, '3124398617', 'Carrera 81c bis #42 a sur - 47'),
(4, 2, 'BRILLIT', 'TATIANA', 'VALENCIA', 'RINCON', 1022995093, '3144859331', 'kr 81  # 51 - 68  sur'),
(5, 2, 'CARLOS', 'ANDRES', 'GONZALES', 'CAÑON', 1022998976, '3203739668', 'CARRRERA 79 D No. 54 50 SUR BLOQUE 11 APTO 402'),
(6, 2, 'DIEGO', 'FERNANDO', 'RODRÍGUEZ', 'VANEGAS', 1022398773, '3007599180', 'calle 45 sur #72b-17'),
(7, 2, 'FLOR', 'ANGELICA', 'MENDIETA', 'GARCÍA', 1022998976, '3208424341', 'CRA 72 G BIS#39C-81 SUR'),
(8, 2, 'GINA', 'LORENA', 'GUERRERO', 'LOZANO', 1022998976, '3208424341', 'CRA 80 I 41 35'),
(9, 2, 'JAIDER', 'TATIANA', 'SOLANO', 'FAJARDO', 1022993846, '3174757990', 'Calle 35C Sur 78C 20'),
(10, 2, 'JAVIER', 'ESTIVE', 'ANGARITA', 'ACOSTA', 1022998565, '3102818979', 'CALLE 42 B SUR 86 G'),
(11, 2, 'JEISSON', 'FABIAN', 'RAMIREZ', 'CADENA', 1022991725, '3102820335', 'CALLE 38A SUR #90D-32'),
(12, 2, 'JENNIFER', 'TATIANA', 'LUCAS', 'JARAMILLO', 1020796214, '3102856230', ' CLL 8 BIS D 81B 13'),
(13, 2, 'JHON', 'ALEXANDER', 'GARCIA', 'MANOSALVA', 1022970660, '3209614531', ' TRASVERSAL 78 A BIS No. 45 05 SUR PISO 3'),
(14, 2, 'JUAN', 'CARLOS', 'IRIARTE', 'GOYENECHE', 1022994431, '3028246753', 'CRA 72 K #40C -14 SUR'),
(15, 2, 'KELLY', 'LORENA', 'SILVA', 'SILVA', 1022966474, '3118464118', 'cll 38b # 89 c-22'),
(16, 2, 'LEIDY', 'GISSET', 'PALOMINO', 'DIAZ', 1022989990, '3102090149', 'CALLE 45 BIS A SUR 81J 18'),
(17, 2, 'LUISA', 'FERNANDA', 'HERNANDEZ', 'DIAZ', 1022922237, '3214056016', 'CALLE 6 SUR #73-59'),
(18, 2, 'MAIRA', 'ALEJANDRA', 'CORZO', 'DELGADO', 1022986027, '3053943933', 'CARRERA 99 C No. 42 J 34 SUR'),
(19, 2, 'MARIA', 'TATIANA', 'VERA', 'RIAÑO', 1022993631, '3182994854', 'Carrera 80 Jbis # 42A - 63 sur'),
(20, 2, 'MARISOL', 'TATIANA', 'TORRES', 'LOZANO', 1023000074, '3132704591', 'Calle 38 c Sur #88 c-32'),
(21, 2, 'PABLO', 'ANTONIO', 'MEJIA', 'LOZANO', 1022998976, '3208424341', 'carrera 97 b bis#42a-48 sur'),
(22, 3, 'ALIRIO', 'ANTONIO', 'SOLANO', 'FONSECA', 1022995650, '3208424341', 'CARRERA 92 B No. 42 20 SUR'),
(23, 2, 'SARA', 'TATIANA', 'TELLEZ', 'PEÑUELA', 1022927910, '3208424341', 'Calle 26 Sur # 82-59'),
(24, 2, 'STIVEN', 'SMITH', 'LOZANO', 'CASTAÑEDA', 1022997099, '3233226921', 'Carrera 81 G # 45B 02 SUR'),
(25, 2, 'XIMENA', 'JULIETH', 'LOZANO', 'LOZANO', 1022992523, '3136922485', 'Carrera 91 c #42c - 56'),
(26, 2, 'XIOMARA', 'TATIANA', 'SALAZAR', 'BUSTACARA', 1022434268, '3124797360', 'CALLE 42 A BIS # 92 B - 27'),
(27, 2, 'ALIRIO', 'TATIANA', 'SOLANO', 'LOZANO', 1022998976, '3208424341', 'CALLE 9 D No. 69 B 80 INTERIOR 2 APTO 503'),
(28, 2, 'YEIMMY', 'LIZETH', 'CHAPARRO', 'NUÑEZ', 1022926085, '3108833645', 'CALLE 38A SUR #90D-32'),
(29, 3, 'YURI', 'MARCELA', 'MONTES', 'SIACHOQUE', 1022922700, '7733908', 'Carrera 78 p # 54 b sur 12 interior 1 ap 202'),
(30, 2, 'LINDA', ' MARCELA', 'PEÑUELA', 'RAMIREZ', 1023003032, '3184178156', 'CALLE 38A SUR #90D-32');

-- --------------------------------------------------------

--
-- Estructura de tabla para la tabla `departamento`
--

CREATE TABLE `departamento` (
  `id` int(255) NOT NULL,
  `name` varchar(45) COLLATE utf8mb4_unicode_ci DEFAULT NULL,
  `pais_id` bigint(20) UNSIGNED DEFAULT NULL
) ENGINE=InnoDB DEFAULT CHARSET=utf8mb4 COLLATE=utf8mb4_unicode_ci;

--
-- Volcado de datos para la tabla `departamento`
--

INSERT INTO `departamento` (`id`, `name`, `pais_id`) VALUES
(1, 'Cundinamarca', 1),
(2, 'Antioquia', 1),
(3, 'Choco', 1),
(4, 'Quindio', 1),
(5, 'Santander', 1),
(6, 'Amazonas', 1),
(7, 'Valle del cauca', 1),
(8, 'Caldas', 1),
(9, 'Sucre', 1),
(10, 'Cesar', 1),
(11, 'Buenos Aires', 2),
(15, 'San luis', 2);

-- --------------------------------------------------------

--
-- Estructura de tabla para la tabla `factura`
--

CREATE TABLE `factura` (
  `id_factura` int(10) NOT NULL,
  `numero_documento` int(15) NOT NULL,
  `referencia_pago` int(10) NOT NULL,
  `pago_id_pago` int(10) NOT NULL,
  `orden_id` int(10) UNSIGNED NOT NULL
) ENGINE=InnoDB DEFAULT CHARSET=utf8 COLLATE=utf8_unicode_ci;

--
-- Volcado de datos para la tabla `factura`
--

INSERT INTO `factura` (`id_factura`, `numero_documento`, `referencia_pago`, `pago_id_pago`, `orden_id`) VALUES
(1, 2147483647, 641313182, 1, 1),
(2, 2147483647, 131823215, 2, 2),
(3, 2147483647, 131829895, 3, 3),
(4, 2147483647, 131823256, 4, 4),
(5, 2147483647, 131815471, 5, 5),
(6, 2147483647, 131822589, 6, 6),
(7, 2147483647, 131823254, 7, 7),
(8, 2147483647, 131823698, 8, 8),
(9, 2147483647, 131821010, 9, 9),
(10, 2147483647, 131821213, 10, 10),
(11, 2147483647, 131821415, 11, 11),
(12, 2147483647, 131825487, 12, 12),
(13, 2147483647, 131821111, 13, 13),
(14, 2147483647, 131820000, 14, 14),
(15, 2147483647, 131822222, 15, 15),
(16, 2147483647, 131822255, 16, 16),
(17, 2147483647, 131825522, 17, 17),
(18, 2147483647, 131823366, 18, 18),
(19, 2147483647, 131829988, 19, 19),
(20, 2147483647, 131829985, 20, 20);

-- --------------------------------------------------------

--
-- Estructura de tabla para la tabla `failed_jobs`
--

CREATE TABLE `failed_jobs` (
  `id` bigint(20) UNSIGNED NOT NULL,
  `uuid` varchar(255) COLLATE utf8mb4_unicode_ci NOT NULL,
  `connection` text COLLATE utf8mb4_unicode_ci NOT NULL,
  `queue` text COLLATE utf8mb4_unicode_ci NOT NULL,
  `payload` longtext COLLATE utf8mb4_unicode_ci NOT NULL,
  `exception` longtext COLLATE utf8mb4_unicode_ci NOT NULL,
  `failed_at` timestamp NOT NULL DEFAULT current_timestamp()
) ENGINE=InnoDB DEFAULT CHARSET=utf8mb4 COLLATE=utf8mb4_unicode_ci;

-- --------------------------------------------------------

--
-- Estructura de tabla para la tabla `imagen`
--

CREATE TABLE `imagen` (
  `id_imagen` int(10) NOT NULL,
  `nombre_imagen` text COLLATE utf8_unicode_ci NOT NULL,
  `producto_id_produ` int(10) UNSIGNED NOT NULL
) ENGINE=InnoDB DEFAULT CHARSET=utf8 COLLATE=utf8_unicode_ci;

--
-- Volcado de datos para la tabla `imagen`
--

INSERT INTO `imagen` (`id_imagen`, `nombre_imagen`, `producto_id_produ`) VALUES
(1, 'data:image/jpeg;base64,/9j/4AAQSkZJRgABAQAAAQABAAD/2wCEAAkGBxISEhISEhIVFRUXFRoWFxUWFRUVFxUVFRcYFxUVFRUYHyggGBolHRcVITEhJSkrLi4uFx8zODMtNygtLisBCgoKDg0OGRAQGy0dHR0tKy0tLS0tLS0tKy0tLS0tLSstLS0tLSsrLS0tKy0tLS0tKystLS03Ky0tLS0tNy0tLf/AABEIAOEA4QMBIgACEQEDEQH/xAAbAAEAAwEBAQEAAAAAAAAAAAAABAUGAwIBB//EAD8QAAIBAQQGBgcGBgIDAAAAAAABAgMEESExBQZBUXHBEmFygZGxIjIzQqHR8BMjgpKy4RQVQ1KiwmLxU2PS/8QAGAEBAAMBAAAAAAAAAAAAAAAAAAECBAP/xAAgEQEAAQQCAwEBAAAAAAAAAAAAAQIDETESMhMhQVEi/9oADAMBAAIRAxEAPwD9xAAAAAAAAAAAAAAAAAAAAAAAAAAAAAAAAAAAAAAAAAIlt0jTpNKbeKvwV4EsFWtPUXk2/D5nr+cw2Rl/j8yvKE8ZWQKn+eR2Qfijm9Pbqf8Al+xHOn9TwqXQK+waSdSXR6N2F+d+V3V1lgWiYnSJiY2AAlAAAAAAAAAAAAAAAAAAAAAAAAAAABmta/Wj2eZpTO6zr04dnmUr0tRtm7O7/rrZY2d3Ql1YlTZ00mvrbcWdhTcJJ5uL+vicXeXqzPBcDpdieLOdkjmssdCL7z8L80XxQaHqRVTFpei82t6LiVtprOpD80fmabXVwudncESWkqK/qR8b/I8PS9H+/wCEvkdMueE4FbLTdLfJ93zOctP0/wC2fhH5kZTiVsClesMdkH4pHmWsD2U/8v2GTErwGelrBPZGPxOb09VeSj4P5jJiWlBl3pmtvu/CjxLSlZ++/BLkMp4tWDIO3VX78vzXHN2mbznL8zGTi2YMUq0llJrg2do6TqxyqPvx8xk4teDL09O1Vti+MflcSIaxPbTT4NrkMoxLQApoaw09sJrgk+ZJp6Zov3muMZLkSYWAONK1QlhGcW9yav8AA7BAAABnNaH6UOzzNGZzWn1o9nmUr0tRtnabxfHmyxsPrRXUV1Hb9bybQlc4HF3lTulNNpuWbWLew+qmQNI6QtFO0VYpxlDpXpSjkpY3Jq7ftvJFn0nGXr0nF71iuRGIW9p9njcyUmjhStVmSbqVow6ng33PE9fziwr+tfwjN+US8TEQpMTLr0kfUyM9YLGsvtJcIPncIawUH6tGp39Ff7MnnCOEpXS6j7f1HGWmVhdQXfJfIlO2y+y+0jCKd91zV6y3q4jyQcZeMdx9UJbvgV9TS1o2KC/C/mc4W60yl7S5blGPNXkeRPCVt9lLcz79hIr5Tqv+pLud3kRqsZtO+c3xlL5jynBdfw8vq48SglnOK4tIz9Gx9KGN7d23E9U7ClsI8sp8a7lUpLOrH8yfM5/xlD++/gpPyICsiuPtmsmBHklPCHavpizwuT6T4RfDacZ6epLKE33R+ZA0vSukndh0ef7HiFG+KZHOU8Iwly1jWSovvkl5Jn2GnKkncqUV+JvkiD9giRZ4YjlJxpSKukK2OEF3P5nKnpCo5JOV1+VyXM6144EZ2b0o9Tv/AGK5lOIa7VdX1b3j6L5GrMrqt7T8D84mqNNvqzXOwADooGc1o9aPZ5s0ZnNaPWj2ebKV6Xo2ztPn8ySn6rItMlpYI4u6Hpmyr7W/fFPzXIULItxO0jG9Upf8bvC75s+0UUna0aZ7T9jV6w93myqpWVLZt5Gj08vSXZ5sqKSzKrfEZUcWT7HBYEbayXZNgEuccvrYy3oRvoJf8l5FW1kajVbJcH5ItTGZwpVOIyqadhk8oSfCLZKoaJqf+N96u8zYA7eGP1x8ssutC1X7qXFrkfVq5UecoLxfI04J8VKPLUy9n1TcXe6qyuuUMt7zJlPVqms5zfDorky8Bbx0/iPJV+quGgaKzUnxl8rjtDRFBZU13tvzZOBPGn8Ryn9fmunKS+1qJZKUkluSldciLSpXRuJ+mfbVe3L9bI8lgZpj20xpFksV3nqgsRU2cfmeqCxISkNHunDEM6UiELvVj2r7D84mpMvqz7V9h+cTUGm11Z7nYAB0UDN60+tHs82aQzetHrR7PMpXpejbOQz+t7JiyREjn9dZKWw4O7vVV9GL3NrxvPNCOG86U430prc7z7SjgVqTSp9OetHsrzZUUy402vTXZ5spqcvMou5yzZKsbyIVaXrPcr/Al6OeCfUE/Fm3ijT6rbO/yRl3jcafVR4Lv8kdLfZyudWlABrZQAAAAAAAH5tpSV9aqv8A2y/WzzNYHzTaf2tS7Ppyu/OxOV6XAyfWqNItbJcedx0s2Zzr5M6WfNkLJTOlFnOew6UcyJQvNWX96+w/OJqDL6se1fYfnE1BptdWe52AAdFAzWtL9OPZ5s0pmNa36cOzzZS51Xo2oFn3kpPLgQ08SUvdM+XdLs0n0aqWfQbXFX3eZnoaaqNYYdyNDo5+mlvTXk+RknDouUbsm14O4rVpanZa7ZOTvz2YsiUpu/FEib4HhN/9Iou8tX3kuxEfoN7H5EizRazuJFjdlxNNqllHhyRmE77jUaq/PyR0t9nK51aUAGtlAAAAAAAAfm2lfbT7cv1SZznke9Jy++n25ebPE8jH9a40jVvVfB+R6srvbPFeV0X4eJx0bO/PB7Qn4tKmXcfLA28+4+1MjpZVh3EIXmq7+9l2X5xNSZbVf2suw/OJqTTa6s9zsAA6KBl9bPXh2ObNQZbW314djmznc6r29s8mS4vIh/XmS47DM0JFil95Dj53IrbfZYOrVUJJyUm5Rbua6XpX3bsUTacrpJ7sfiiHp2wffue1qLv7rs+4mNI+o8bDN+rBvhF+Z1hoas/cu4uK+F5Ct+lbTT6MIVLo9G/1Yt3tva0U1e22ib9KvVa3dOSXgncR6XxLVvQko4zqU4rrb/Y8KnZV61phLsXPybMb/DXtt4ve8SxsFJIejE/rSqvZVl9rP4f/ACaPVmrGTvhHorHBu/YjGdHBcUa3VB4d7/TEtR2Urj+WpABrZQAAAAAAAH5fbl97PG/05fGTPdR4HO2S++fXJ+bPdXIx/WtDtPq96OUqbjLpLadbRK5LijrTudz6iEpEn6PcSbKsFwItTJLuJVmeAQvNV/avsPziagy2q/tX2JecTUmm31Z7nYAB0UDLa2e0j2ObNSZXW32kexzZzudV7e2f2klbCKs/rrJKeRmaH1PHufInaQinGnJ7Y/XMr4vHuLGeNCD3Nrz/AGJj6T8ZXTK9Ndnmyq6OJa6Yf3i7K82VzKOnxye0l2MiTyZJsLJQtHlHijWaoq5JfXqxMtdh17DVaqO+58f0ovb7Odzq1AANbKAAAAAAAA/KrY/vfxPmjtUeBc6T1VrKbnTamr77vVl4PB+JUWiEotxlFxe5pp+DMk0zE+2qKomPSvtWzivg0SaauuI9fNcSQs0VX+O08iTZJXoi1p4EixwuQQvtWPavsS84mpMrqx7V9iXnE1RptdWa52AAdFAymt3tIdj/AGZqzJ63+0h2ObOd3qvb7M/F/XeySvdImz63ktO9RMzQ+Rz7vmTo1ErPVb9134bsP3IUc+7mTbLHpU68N8H43P8AYmETpkNJWpSmmldhd8WRFK87Sq3nmV2eCKYdcuMtpIsTyI1R4Mk2GN1y3IHxdU8jUaorCPD/AFRmKJqNVNnf5I6W+zlc6tOADWygAAAAAAABxtNlhUXRnFSXWr/DcdgBldJ6mxljRm4v+2XpR7nmviUNu0XWov04NL+5Yx8Vl3n6QGjnVaiXSLkw/Lq6vXcSbHL0UbK3av0Kl7Ueg98cPGORR1NXa1JPo3VI7HHCXfH5XnGq3VDrFyJSNVvavsP9UTVGY1Wj95LsP9UTTna31ca9gAOigZPW/wBpDsc2awi2+wQrR6M1wazT3pla6cxhamcTl+d34EpZI+6X0XUoSSljBt3TWT3J7n1HlZIyTGGmPenqL9J8OZYaJfp3b01z5FZfdNdcSdYZXTjxu8cBGyY9MRKzSU5Rfuya8HcSKdlLLSlKStFZJe+3+b0uZyVGTErZcFZY7TpCgll4HV2Nv3mS7Po+WxSfdzIMvNE1Gq2a7/JFRS0ZLbcuL+Re6Ao9CSjffn1bC9uJ5OdcxNLQgA1swAAAAAAAAAAAAAAAAAAAAAAADxWpRnFxkk0808jKaX0I6XpU75Q3bY8d66zXArVRFS1NUw/OKrx6W5c8SRSl6r60+ZoNLaCT6U6SubzhsfXHc+oz6i0kmrmsLng13GWqmadtFNUVJts0ap1HPpXX3YJY4K7M9U9GU1sk+07vgriZUnccnWQmfZEenqFGMcoxjwS8xKR4vbeF53pWCrLY1xuXniPc6T6jbl0iVod31PH9KOkNCt+tJLhj8WTrJo+NN9JNt9d267YjpRRVnLnXXTjEJgANDgAAAAAAAAAAAAAAAAAAAAAAAAAAAV2lNFRq4r0Z79/VIsQRMRO0xONKpaHTd8n4LmyVS0dTjsv4vlkSwRFFMJmuXmEEsklwVx6ALKgAAAAAAAAAAAAAAAAAAAAAAAAAAAAAAAAAAAAAAAAAAAAAAAAAAAAAAAAAAAAAAAAAAAAAAAAAAAAAAAAAAAAAAAAAAAAAAAAAAAAAAAAAA//Z', 1),
(2, 'data:image/jpeg;base64,/9j/4AAQSkZJRgABAQAAAQABAAD/2wCEAAoHCBUVFRUSFRUZGBgZGhkaGBoVHBwfGhwVGBgaGRgaGRwdIy4lHB4sHxgYJjgmKy8xNTU1GiQ7QDszPy40NTEBDAwMEA8QHxISHzUrJCQ9NDQ0MTQ0NDQ0NDQ0MTQ0NDQ0NDQ0NDE0NDE0MTQxNDQ0NDQxNDQ0PT80MTQ0NDQ9NP/AABEIAOEA4QMBIgACEQEDEQH/xAAcAAEAAgIDAQAAAAAAAAAAAAAABgcEBQECAwj/xABMEAACAQICAwkLCAcHBQAAAAABAgADEQQhBRIxBgciQVFxgZGxEzI1UmFygrKzwdEWNEJDc5KhwiRTg6LS4fAUFSMlRFRjM2KT4vH/xAAYAQEBAQEBAAAAAAAAAAAAAAAAAwECBP/EACERAQACAgMBAAIDAAAAAAAAAAABAhESAzFRIUFhEyIy/9oADAMBAAIRAxEAPwC5oiICIiAiIgIiICIiAiIgIiICIiAiIgIiICIiAiIgIiICIiAiIgIiICYOlNJU8PTatWbVRbXNibXIUZKCdpEzpE98zwdX509osD2p7u9HNsxKDzgw7VmWm6zAtsxdHpdR2z50iB9K09N4Zu9xFE81RD75k08XTbvainmYH3z5gtORA+pQZzPl5MQ6967DmYjsMyU0viV73EVRzVHHvgfTET5wp7qMcuzFVul2PbMmnu20guzFOfOCHtWB9DRKEp74ekV+vB85EPumTT3zseNppNzp8GEC8olL099XGDbSoN6Lj80yqW+1W+lhqZ812HaDAt6JVdPfc8bCfdqfFJlJvtUfpYaqOZlPbaBZUSv6W+rgztp1l9FT2NMqnvm4A7WqLz0z7rwJtEidPfD0cfryPORx+WZNPdto9tmKp9Nx2iBI4mnp7qME2zF0P/Ig7TMuhpOg5CpWpuTsCOpJ5gDAzYiICIiAiIgIiICRTfL8HYj9n7RJK5FN8vwdiP2ftEgUJERAREQEREBERAREQEREBERAREQEREBaSHe/X/McJ57eyqSPSRb33hHCee/sqkD6EiIgIiICIiAiIgJFd8vwdiP2ftEkqkV3y/B2I/Z+0SBQcREBERAREQEREBERAREQEREBERAREQEke974Rwvnv7J5HJI97zwjhfPf2VSB9BxEQEREBERAREQEi2+T4OxH7P2iSUyL75Hg7Efs/aJAoGIiAiIgIiICIiAiIgIiICIiAiIgIiICSTe78I4Xzn9k8jckm934SwvnP7KpA+goiICIiAiIgIiICRffH8HYjmT2iSUSMb43g7Ecye0SBQEREBERAREQEREBERAREQEREBERAREQEku914SwvnVPZVJGpJt7nwlhvOqeyqQPoCIiAiIgIiICIiAkY3xfB2J5k9okk8jG+J4OxPMntEgUBERAREQEREBERAREQEREBERAREQEREBJNvc+EsNzv7J5GZJt7jwlhuep7F4H0BERAREQEREBETV1NP4ZSVaugIJBF8wQbEdcDZyNb4fg7E8ye0SZ3ylwn69Px+EwNLaYwGIpPQq1bo9gwUOCQCGFiouMwNkzMNxKgIlr/wBxaAHj/fxXuM5/urQA+gx9LFfxRk1lU8S2RgdAjZRY85xHvacijoMbMOTzioe1o2gxKpYltltCD/SA+h8WmPT0hoFhcYJeMZ0VvkbbCbxkwqyJaTaU0MO90bTbnooO0TyOmtGDvdEUTzpRHasZg1lWV5xeWb8ocGO90Rhx6NL3JOlXdRRsQui8OBYjvU9yTNobrKtCw5RODUXxh1iT/QO6HuFFKS4Gk+rfhOnCN2Jzy8tuibVd2DjZgaA9E/CNo9NZ8VV3dPHXrECunjr1iW0u7Ot/s6I9Fp3+XOIH+lp9TRtHprbxUiuDsIPMZ6KjHYpPMDLbXd7iP9snRf4zv8vsR/tl6/8A2jaPW628VIMO/iP0K3wnYYKrxUqh5kf4S2G3e4gfVUxzk/xTzO77EeJS6j/HG8emlvFXDRtc7MPWPNSf+GSXe90fXXSGHd6FVVBqXZqbqovSqAXYrYZkCSz5dYk8VEdB/jnid3uI42oD+vOmbwaWWhEq0b4FYHOrh+Y29zTJp75Nu+7g3muR7zG8GkrJnMgdHfIpHIoPRcH8CokywGKFWmlUAgOoYA7QDy2mxMT05msx2yonE5nTHEp/Sq/pFcf8tT12lwSoNLfOK/2tT12k+TpTj7Q/EbpCrugpDgsy319tja/ezwO6Zj9Wv3j8JH8QmtXrgmwDuepzFOghzDnk4o0dbt+d0beInWZwd0j+JT6QfjNKMMnjn+uidGoC+QJHEdYD3RozeU13KYipjcSuHvRRbM7uVOSLYHVBexYllHTfitNlu/whwJpPRrU6iPdSHUF1ZRfapsVI8mVuO8r3CO9NtdOC1rX1uI7eKemMxb1bd1fXt3t2+kRsym6wzacsz5SVeVPufznnU3S1xazKPRHvmr7ifEH3j/FOEom4uq24822cds5mkG8pJo7TNd2QM+RIBsqj3Rj9L1lqOgcgBiBkuzqms0EeGnnCeOnX/wAeqASOG3JacYjOFMzqzn09X46pHQvwnk2m6h21z0Ee6Yuh9FviHNNTq8EtrN3tgQCLqDnnNo24t1uGdbi2aiowz5LJYzuKwlPJOWOmk6p2VnPp/wA5y+OqjM1HHpn4zv8AI7lrgc1N/wA1pydyKC18R+4OQHO7jl/AzdYb/JLGOkKh+sf77fGY2Ixb5cN+P6bfGSAbm0Fr4tTmBwUW4ubXPD2CRurhKpNgpIBIBttHLOcYdRbPTLw9ZztdjzsZu8Fjno03rL3yhbXCt3x1Tk4KnJuMTR4bDVBtpv0Azbf2d2w9VAjaxCWBUi5Dgm2XJOZ7dR0ym3NqwV2xKAuqvYoRk4DDJRYbdgnQblU/XqeZH/hklwmne50qNMUqhKIitZFF9VQLAswtmDO7bqKh2Yap0sg7CZTNU8WaXC7hlcawqC17Zow7bTMTe/S2dVvRA995nruixB/0vXUX4Tt8oaoyNBV/aL8JmamLKw0jgXStUp6rHUd0BCnhBGKhtnHadcOc+bI+Q+WTrD490qvVIpAsXaxqgZsbi/BzmBpGs1dCtRsJr3uHU2YZ3I478m2ZMw6iJYOAHDXo7Z9Cbn/m1D7NPVlBYLDarKS6NsyRiT2S/tz/AM2ofZp6omU7OTpsoiJZFxKf0yf0jEfa1PXaXBKe07/18R9rV9dpPk6U4+0Br6HQ1HfuwUs7k5X2sSRA0PT/AF/Un85vMHQDo4YZ675+m0w6+EZCb7OIzjNvVNa+MNdFUOOu/Qn8pz/dWG46lU8wPwnrOjPyCMz63WPHB0dheWsf68sf2HCj6FU85X4zsZ1vGZ9NY8cnD4UfUOedh8Z0qPhlt+jE87mdSpmLitq9PZBOIbjA1KPCdcMFKAEWdjxzs+KRmLHDoScySTmZj6NXgVPNHbO3czyzlr2GLUZrQpjonmukGLKvc0AJA7zlM4aeCd+nnDtmxBLb/wBmxLECkKBvsBTVPaRNIdMYkOUsvBYq2qgPemxt1Sa6LHCBHRz2m2ruxZFvkQ17DaVanY/vGU1hLac4QXDPi6xCpXCE7A6Afjb3TolXEBu51XdTcrrAABipsSl1zHHs4xJw1NH4bDh0xqodYjNkDnIGxPkPJMU4Sm72qIH1QgAbMcNmBupyPezcR4zM+o5j9H1KapUOKfVO3WXIeKLra1yLXPKOWcNh6qhVZm4aqbq+diLg8E3U5c8kWlQBSfUsF7mQLZDV4WQFvIJo6FLJMtmfWBOLYh3TMtbX0Ux72vUHnMzDtBmsxGisQL6p1x5Ha/U1pLWA451WkDxmcReYUmsSr+vQrKbNSbpBI69k6qj/AKodRlihCNhBmt0vh1AQ6ignWuQBna23l2zut4mcYTtWaxnKHtRdiDqEdUyMOhBsRNqKY8UdU8MUANW2WfwndqxhOtpmWbo9eGvR2z6E0B82ofZp6onz9gRw16O0z6C0D82ofZp6onFO3fJ02MREsi4lPafH+PiPtanrtLhlI19IDENVrKpUNUqkBrXHDbknHJ0px9tbgaqpTd2NlDPew2cMietDHU6y1Ag1tVT3ykZ2Oy4zmDWH6NW539czdUl1kABsSlgeQlcj0SUx8Vz9RMK5GSN91vhO60qh+g/3TJElFw2re7EKCNW6g2IZhyKSQQT4p27J5gu78BBqEkd0sxGuqlWIS4Gpdf3sjfZTT9pfzfpoWw9XxCOe0y9G6OLklyVRczYi57bbJIBRKrrNq6wB2ZqM8yL5jlt/9mHgaj8IuQV2l8gLHMADktx+WZNcfWxeZnGGFiMHSek9SkzcAm4YnOwudvkMjeIbvdvHtktx1F+Dh6ahEe5L5m5Gdjz8vH0SJ6RTUfUvfVYi/NOXTaaLPAqeaO2chTyzpow8Cp5o7ZyKh4/dOXbsVPLPKmOGnnL2zuahngjnXS5+kvbNhk9JtooXZR/WybiuhupByGtfPjLJbLr65o9C1QxQjj65vMS1ht4r/vrK/hH8lRCyKbjggE34xqHyeWYyowOtltTYOIFvjPdzwAR4oJ8nAI+E66+Y5k7TOmY+sDHp+jtcZ9zN7ela55Mz1zR0WIA5h2Te6Sb/AAnUZ8BgPKcxNHhmyXpFvKoFx+MjdXjeq52nsAOadTTE7Kv9GTWc6pmt07sp+n+SbEPblE1m6GsNWkSfH/JOqf6hxf8AzLWXmNjiOBy3N/wt74OKTxhMbE1wxXVzsc7S9unnjtt9HHhL0e+fQmgvm1D7NPVE+d9GPw1HN2z6I0F82ofZp6onFO1OTqGfERKok+c8LWZTSQGwapidYZZ6rsRPoyUDjtGdyGBqhris+KNvFZXYEc1iPxnNundJ+sSp82r87+uZucK2qoPFqqeiwmlrqRh64IIuahz8859Im5oWKW/4x6slPS0dg0vSBJuLnbmOLIcc6/31TAsLWGQA5OgTSpo9/FA5yJk09D1G2AdFz2Cbu50euN0wrKyi4uCLgE2vx5iY2AxSNTNFnK/9zZXvx3O035ZnJuaxDbEc+ajn3TKp7jcSdlJ/u29YiJmZNYicsDCYhKSim1UPwjq5bBtsSL2HPIrj8I2u1nDi5YMOPWzz8ssWluExR+rbpZB2tHyJcVkw7ZO6O6gsLatMorXKg2N6izPvh89QbA3CVBsJUW650Wi/KeuWlT3tX42pj0nP5RMunvbLxug5lY9rCNZ8btX1UZw542PWZwMILg3zGYPHeXQm93RG1x0Io7SZkpuAww2u/Rqj8sa2ZvVVeitJMjLrDWA4xt6th/CbarplmFghOziI2G/KfJLJpbjMKv0XPO3wtMhNyuEH1V+dnP5p3iznaqrRpOrq2FM7AOrnWeWIxlVlKlALrYm9jbPZnkczLhXQWGGyhT6VB7Z4U9A0lr93VVC9zCdzCKFDBy2v51jbZxRrb1m1fFMDu+p3JQttUoLkk2PlJ2+WZlPDYl9QujPqgKNRCcgMu9GcvFaYGwAcwnebrP5k3j8Qo1lZTqkEEbQwzB5CDsgS5NI6Ko1xaqgbkOxhzMMxIlpPcKczQe48Spt6GHvHTJ245jpSvLE9oSl77RaZOF3O/wBudKQC8BKj8MkDvkXiB5Yx2i6tE2qIyni1hkeYjI9Bko3vKF6tSoTmlMJbl131iejUHXOaV/tiXVp/rMw0elNwCYag9d9RgmrwV1rnXdU2m3jX6JvKW9pTG2ovRT+LSd16KupR1DKbXVgCDY3FwctoE9ZbSHn3lWultx1HDnDAcLuuIp0idVRqhldiy5HhcAbZYeDwwpolMEkIoUE7SALC81G6XBPUbBFFLCnikd8xwaapUBbM55suzPOb+bERHTJmZ7cTmInTCVlo/RyVjoqnWUsv+YG12XMPkciDLNkd0tSY47AOFYqq4rWYAlVuiausdguRlfbAju+DuaoU8DWq0U1Cguc2N1JC24ROYuD1yI6DxVN3pqrq1jTDDbtIFj+MunF4VKqNTqIHRhZlYAqRtsQcjsle6Y3Mrh8TTehTVEd1ICKAFYMNZchs4x5L8knevz4rx2+/VhU8JTXvaaDmUDsE97CczmUScROYgJ4mkpYMVGsAQGsLgG1wDtANh1Ce0QEREBERAREQEREBERAREQPKrSVgVZQwO0MAQecGYmA0XRolmpIEL21rE2yvawJsNp2TPiZgy5iImhERAREQEREBOLTmICIiAiIgIiICIiAiIgIiICIiAiIgIiICIiAiIgIiICIiAiIgIiICIiAiIgIiICIiAiIgIiICIiAiIgIiICIiAiIgIiICIiB//9k=', 2),
(3, 'data:image/jpeg;base64,/9j/4AAQSkZJRgABAQAAAQABAAD/2wCEAAkGBw8QDxUPDQ8ODw8QDw8QDw8QEBAQDw8PFREWFhUVFRYYHCglGBolHRUXITEhJSkrLi4uFyAzODMsNygtLisBCgoKDg0NGhAPGy4iHx01Ky0tLS0rLSstLS0tLSsrLS0rKy0tLS0tLS0rLS0tLS0tLSstKy0rLTUtLTctKy04K//AABEIAOEA4QMBIgACEQEDEQH/xAAcAAEAAQUBAQAAAAAAAAAAAAAAAwIEBQYHAQj/xABLEAABAwICBgYFBgsFCQAAAAABAAIDBBEFEgYHITFRkSJBYXGBoRMyUrHBIzM0YoLRFCRCZHJzkqKjssJEU1RjswgXdISTpNLh4v/EABgBAQEBAQEAAAAAAAAAAAAAAAABAgQD/8QAHxEBAQACAgMBAQEAAAAAAAAAAAECEQMhEjFBUTJx/9oADAMBAAIRAxEAPwDuKIiAiIgIiICIiAiIgIiICIiAiIgIiICIrPFMThpmekqZBGzMG5iHHpEE22A8CgvEWCbphh5BIqWkNaXu6EuxuYNv6vFwHiqY9M8OduqQei93zcw6LWF7j6vAErPnj+teOX4z6LAR6ZYc71akH1j83MPVaXH8ngCqqTS6gle2OKozPe4MYPRzC7ibAXLU88f08cvxnURFpkREQEREBERAREQEREBERAREQEREBERARWeJ4rTUzQ6qniga45WmR7WZnWvYX3rygxamnZ6SnnhljuW52SNc243i996C9RWz8QgHrTQjvkYPioH45Rj1qulHfPEPigyC0rWu61Cwcalv+lIs8/SjDhvr6If8xF/5LSdZ+kVFPSxsp6qnmcKjM5scjXkN9FILm3aRzWOT+a3x/wBRp0JtFN+oaOdbThU0vqO7Kep84XN+KsxiUIilBkaHOjia0X3kVMLz5MJ8FRDi0AY8GVgJge1u3e4uAtyuuSY3rp1XKdr+kOx36qrP/ayFZLQxt66nH5xfk0u+C1ynxiBodeQbYahott6T6d7G+bgs9q7rY5MSp2Ndd2eV9uwQPVxwy3Okyzx1e3c0RF2uMREQEREBERAWE00xSWkoJamDIZIxGW5wXN6UrWm4BHU49aza1vWO2+E1P6tp5SNPwQc5GsfFnAEOpG3AOyFx397lC/WFi/8AfwDup2/ErWqf5tv6DfcvHLWhn36e4x/jGjupoPiFbyac4wf7e7whpx/SsIVG9NIzD9NMWO+vm8GxD3NVtJpdih34hVeDwPcFi3KJ6aVkJNKMSO/EK3/rvHuVrJpBXnfXVp76mX71ZuUT00Lh+MVZ31dUe+eU/FWstfOfWnmPfI8/FRlRvTQpfO873vPe4lWz5He07mVK5QvUERceJ5lUuceJ5r0qlyDy68si9CgqYFO1QMU7VROxb3qbZfGIj7MVQ7+Hl/qWiMXQ9SLL4tf2aOoP78Q+KDv6IigIiICIiAiIgLA6eNvhdV/w0h5C/wAFnlhdNG3wyrH5nUeUTig4HTfNt/RCOXlL823u+JXrlpEZUT1KVG5BEVE9SlRPRULlE9SuUT0RCVG9SFRvRULlC9TOUL1KISqXKoqgoPF6F4vQoK2KZqhjUzVROxdM1Ex3xKV3s0Ug5zRfcuaMXVNQjL1dS72aaMftSf8AypR21ERAREQEREBERAWM0nZmoKkcaSpH8Jyyas8ZbemmHGCYc2FB850Z+TH2v5iqnKPDz8kPtfzFSOWoIyonqUqJ6IjKiepSonoIXKJ6lcoXoIio3qQqN6LELlA9TOUL1KIiqCqyqCoPF6vEQSMUzVDGpmqquGLrn+z+z5WsdwjpRzdL9y5Gxdl/2f2dCsdxfTN5CQ/FQdcRERBERAREQEREBQ1jbxvHFjxzaVMvHi4I4goPmXDfmh4qVyiw8dC3BxHkFK9ahUZUTlKVE9ERlRPUpUT0ELlE9SuUL0ERUb1IVE9FiFyhepnKB6lEZVBVZVBUHiIiCSNTtUEamaqq4Yu26gWfitU7jUsbyiaf6lxJi7rqFZbD53e1Wu8oIVKOmIiIgiIgIiICIiAiIg+aIG2MjfZmkHJevVczbT1DeFVOOTyFQ9anoqIqN6kco3IiMqJ6kKieghconqVyieghKjepCo3IsQuUDlM5QvUoiKpKqKoUBERBIxTNULFM1VVwxd/1HMthRPtVc55Bjf6V8/sX0RqWZbB4z7U1Sf4zh8FKN6RERBERAREQEREBERB844i21ZVjhW1P+s5W7le4622I1o/PJzzleVYvVnoqNyicpXKJ6qIio3qQqJ6CJyhepXFRPQQuUb1IVE9FiJygepnKF6lERVK9JXig8Xq8XoQVsU7VRFA87mu5EbFetw2UEZm5czQ9tyNrSSAdna08kuUjUlvpQxfSOqJlsFp+38IdzqJFwBmEODmhzx042ybBuBc5tv3b+K+idWwY3C6eNjw4sjcHC4LgS9x6QG47VmZy3ULjZN1s6Ii0yIiICIiAiIgIiIPnrSltsUrR+cE87n4rGPWY00FsXrB/mRnnG0/FYd61PRUTlG8qtxUT1UUFRPKrJUEsgHrEDvICgpcVC8rK0WA11R9Ho6qUHc5sLww/bIDfNZ+g1V4vNYvigpgd/p5mlwHdEH+9NjRSVG8rsOH6kuuqrz+jTwhpH23k3/ZWy4fqlweKxkimqHDrmmfY97WZWnkptXzm5XmHaPV1V9Eo6qYG9nsheY9mw9MjL5r6MxHRnR+AN/CKbDoAwktByQk34gEF/cbrVBrPDGCGho6enjjGWNrnEtDRus1oaBzWcs5PbWONy9NEw7U/jU218UFMD/fztvyjDltFBqJsM1biIAG9sEIFvtvd/SvK3TzEJNn4SIx7MLGt5H1vNYWqxGWU3lfJKeMr3P8A5ivG88+PWcF+tti0D0XpPpEzqpzd4fUPkN+1kFuVlpWO4bTmslfQQtjpC5noW5fRgNEbA7onaLuDjt4oZ3+01vcLlUl1+p7u0nYvLPluUemHFMe3ktM1xa5zmtyRRRWb0j0G2v8A+lIYYyQXZnlrQwbmgNBJA5k8141jibANb4bvFSNgad7y6202O7xXnbXppR6Vo9VrBw23IV3BVSggtc5pG4sJB5hWFTWU8O97M3W293gWuCQONxzUE2PubEZI4nZQQM1g0bdg2lIsm96+N5wzS7Eot0hlb7M4D/3vW81stFrGYNlZCIz7UT89/smxHMriA0incNmUXI2m7j93kqqaWSYj0j3OJIHAWvwC9fLPF53DDL4+ocPrY54mTREmORocwkFpIPYdyuFRCyzQODQOQVa63GIiICIiAiIg4DrBc1mNVWYgXMBFyBe9PF96saTBayf5ikqpAdzhC9rD9twDfNfQb6eFjnTmOJr7XfLkbnIaOt1rmwHktVrdZeHM+bM9Qf8AKiLRzkyq7Gg0erbFZbF0cFODv9NMC4DujDveFnaLVBf6TXH9GCENI+08uv8Asqqt1rSnZTUbG8HTSlx8WNA/mWArdPsUl/tDYRwgiY3zdmPmmxvlFqwwmLbJHLOR+VNM+3i1mVvkrxtZgeH7GHDqdw3tibF6XxDAXFcYrKyeb6RPPN2SyvkHgHGwVuIwNwAUHaP95WGZiBJNYC4f6CQNceAuL37xbtWMrNalODlp6aaQ9RlcyJvlmPuXK8qikgde7TYjcg3SbG6qreTNNJtuQxrnMhHYGg++57VBW1U5gLGVFU2xJyCaQRkW3Wv3rXI8QqA0NyRCwtmzuufCyqkrZi3K6QBvWGty37ytbjExu1sB18evrK8dEDvF1FNXws2F4vwF3HyVo7Ggb+jje63WbNb5XWK9NrwQOabscR9U7QpoKgDZKzxB2LGk10myFjSTbZE10j/cV5X4BiUUX4RVwzCG7QXu2BpcbNu2+y5PBeeXHjk9MeWxmmV8FjfI3bYXO82vlB3X7FZ1GO9H5GN3rOAOwXts3DcO1R4ThjZ8sTnFvTLszbXBa262hmB00EZc4PlyNLukRttwDQFz54443T2xyzy7+NRqp6hz7ROOQtiNyLuzmJpeNo6nlw7gO9Y7SClqGWkkZIInMp2BztjDMKdgfYdrmvN+vet9GIZR+LQRggkHZ0gMgIJOz2v3DxWJ0jkNRC1jyXvFQX7MpGQNcBu3b1Zlq+ls39aXCXVEwAABLYmBo4MjbGDybfxWfcxs0EtNG52aGzh7Ly3abcRf3Kiiwt0bs7SGGxG224q5pKP0Tg9j7EX2W6J471nO+V3+enTwZ44Y+N+73/jXo43NaLjgs9o8LvjHtSRt5uss5hGiFRU7YqWVzTtzuYWsPc51gtuw3VbUXa980VM5rg4Ft5XtI3bNgv4la7y9Rzbxx911lFTG0hoBOYgAE9ZNt6qXY4xERAREQEREEFc28TxxjeP3SvmqF2wdwX0zKLtI4gjyXzLFuHcEWLhrgexV5VbrG43ickAbkDTnLhd1za1u3tRWZsFRJMxu1zg3vIHvWnOxGpkNs527g2zfdZUGmeTd7x29LM7yRG64bPDPL6IVNND0XPMtRJ6KFoba93kb9uwdavZ6nB4PncRkqnDfHQ0znC/ZNKQ0rn4oCT0bkcbWVf4CRvO/gg2arxylmeG0cUsDRsvPKJJpTxOUBrR2C52b1JDTtk9cZgtbjob9RKzGGOmiI2Z2jqcelbsP33UXbpmAaBUc8DZHguBB6I2lpva2a5sszS4FhkLTHTiHO3Z0r1GU3sbi9uOxa/h+mMUcbYoKed8rhdzBkYC/dssXHcBuCufwbGKy3oqFlMwkkulzMdc9ZLiCd/srOqvTYsPnYx2Vj3SHKegBFE1ovvDWAnfYXI61htYeIsGHzRzRMkfKAyKMOGdsm9shF9uUgHd1K4odXVU7bVV5jFrGOmblBHDN0RzaVb4pqpObNR1ALT6zagdIcTnYNvcR4pZZ2TV6c1wWcxlr8tyC4EE23tsstLXyPBBIAO9rWg7O0m63/CtVUTCHVNS95BByxMbG3uJde45Ll2JyuE0zGuIYySdjQNnREjgN3YAubll3uujis1qJXztO83t7RvbuCjllyvcx4ILHOa9o2WLTZwuO5UYoPxqot/iKsAcAJnAKusbmqpxxqakc53BY09Npg75V0TWgWlkivvJyyFl/Jd7w3R2ipvo9NCwj8vLmk/bdc+a4XhULpa7Kxrnk1hJDQXENNSbk26u1fRC9+GTt4c1vQiIuhziIiAiIgIiICIiAuKaVaAVFHeWnzVNMLm4HysQ+u0bx9YeIC7WiG3zKCsDpb6sR+u/3BfQmler6nqry02WmqDcmw+RlP12jcfrDxBXLq7QCulk9BJRzOMZJBbYRG/WJCcpHio1tzjD3BxGy+0Zu7t4LaooaZvqRVEx4nJTs88xd5LfME1RTtHyj4KcHfYumk8RsHmtww7VnQR7ZnTVB4Od6NngGWPmURxtssm6OOmh27MsZmk/alJse6yyuH6G19S7OKad5cbmWYCIG/Xd9r+F13fD8Gpaf6PTwxdrGNDj3u3lXyptybDdVM5saieGIezG10rrd5ygHmtqw7Vxh0VjI2SocOuV5Db/ossOd1t6Im1tRYfBAMsEMUQ4Rsay/fYK5REBERAXz1Fo5XVFRKIqSd15ZblzDG0Xed7n2HmvoVFjPDybwzuPpymLVbUSVEsk9RDHG+eZ7fRtfK8tfIXC98oBse1bZSavsOZK6Z0b5XvkdJaWRxa1znZjZosCLnrutqRJx4wvJlUcUDGXyMa3MS52Vobmcd5Nt5UiItsCIiAiIgIiICIiAiIgIiICIiAiIgIiICIiAiIgIiICIiAiIgIiICIiAiIgIiICIiAiIgIiICIiAiIgIiICIiAiIgIiICIiAiIgIiICIiAiIgIiICIiAiIgIiICIiAiIgIiICIiAiIgIiICIiAiIgIiICIiAiIgIiIP/2Q==', 3),
(4, 'https://i.linio.com/p/7ba5f0817de44c726c736e01de7575ef-product.jpg', 4),
(5, 'data:image/jpeg;base64,/9j/4AAQSkZJRgABAQAAAQABAAD/2wCEAAkGBxITEhIQEhIVFRUWFhUVFRUVFRAVFRUVFRUWFxUVFxUYHSggGBslGxUVITEhJSkrLi4uFx8zODMtNygtLisBCgoKDg0OGhAQGy0mHyYvLS0vLS0tLS0tLS0tLS0tLS0tLi0tLS0tLS0tLS0tLS0tLS0tLS0tLS0tLS0tLS0tLf/AABEIAOEA4QMBIgACEQEDEQH/xAAcAAABBAMBAAAAAAAAAAAAAAAAAwQFBgECBwj/xABKEAABAwICBgYFCAULBQEAAAABAAIDBBESIQUGMUFRYQcTcZGhsSIyUoHBFCMzQnKSwvBDYnOy0RUkJURkk6Oz0uHxCFSCorRT/8QAGAEBAQEBAQAAAAAAAAAAAAAAAAIBAwT/xAA4EQACAgADBQUGBAUFAAAAAAAAAQIRAxIxBCFBUaFhcYGRsRMiwdHh8DJywvEUgqKywzNCQ2KS/9oADAMBAAIRAxEAPwDuKEIQAhCEAIQhACEIQAhCEAIQhACEIQAhCEAIQhACEIQAhCEAIQhACEIQAhCEAIQhACEIQAhCEAIQhACEKldLcj26Nkcx7mOEkXpMc5pzeBtBvvQF1QvKzdMVX/dVH9/N/qTqHT1YP63Uf38/+pbRlnp9C8502sNZbKsqP76X4lOotZNIDZWTe99/NVkZz9tFHoJC4RDrdpMf1t/vbCfNik4NdNIDM1APIxQ59zQmRme3gdkQuW0evNcXNaXQEkjbE/IHskGabVvSxUQuLXU0Mlja7XyR3ztfMOU5WWppnW0LlMPTK369E4fZmB82BSEPS9SnJ1PUDsELh++Eos6MhVGl6QaR4xYKlo4mnlcO9gKdw686Od/WmN/aB8f74COMlqjFJPRljQo+k01TS/RVEL/sSxu8ipBYaCEIQAhCEAIQhACEIQAhCEAIQhACEIQAqd0ssvoyfk6I/wCKxXFVTpPA/kypJ3dUf8aNEY9Dz8IlsGAbVsKpvA+C3Jic03xA7tvls8V0pHC3xTF6cHcN3LZ8U+hicW4rZXtfLaoqKpfhwAiwtwB2i2f++5O2NmfcYyW4gTtzNtu6/C61MyWGq1JWKnLsrp9HoGS23zWaJ7W2vtyuR55q+aALOr24jbMkNvmeS6PcrPNGLlPLdFKotGPY7E7YASduy1lVNPU1m4t2Jv7wXWNM1MbcQIsdnJc91pe10Vmt2vYB94LGri2dFLLNRsr/AFTMLSDmbgjPLZY8M7nuVu1SpqYNdNMGuc0hrQdmQGZG+2WSruktGMhaLyXedrA0+jyJO/luTKCve3IOy4bkilF+8emUnJe6dR0pp5xbaMtaBlfrLA7xhawF2zkNqoekXy1D2zudiafQBDSA4t25nt2m3Yk6XSYxBxJFuGfcU0c+zuqjlcBmQXOLGjK+GwJtniHO66ycMNJrQiKlJ9pPM0VBZolsL77X7hx5Jg3HC8sgmlZh9iSRgOeRsDllZMKHSJEjHTHELggnk+52bsj4cFepqQyUzXtMb8IIcbC+ZJDgW8j4Jh1iSbfcJzcIqPUrDNfdJwuIbVPcBukDJPFwv4rpHRbrnU1752VAj+aaxwcxrmklxcM7uI+ruXF9Js9M9vkumdAcfpVzv1aceM5PwXlxFUmjtHRM7AhCFBQIQhACEIQAhCEAIQhACEIQAqt0nNvous+w090jD8FM6T0tT07cU80cQ3Y3NaTyAOZPIKi6z9IOjaiGajL5sMjSwysiuBntDXEE7OCA4n1i3D1b6fV/Q79mlXs+3TPHjs8VJU+oOj5MotNQE7mkQ4vu9aCtsyihMeBzT6n0mW7uSvo6HXuF46+Nw/Ym3eJCmOlOimphjdL18Lw22VpATcgc+KpTa0IlhxlqVc6WdwGzLj3p/o/WyWI3FiOBTnRvR3WzNc6PqThNrGRwN7XvbDYj3rNT0c6Tbn8mD+OCWC3i4E7jsVPEZKwYchtrBrNJPZ9rE2JtsFtigqjSb3Nwm3rNdfeCDdSdRqzXxscx9BObkEObG+QtttzjuLFQlVSyR5SRvYeD2PYe5wUubK9nG7aHEdRc+mSWk3O88yL70vpOsic/5uIMaAGta03dYfWkfsc48sh7kwp6gNOLJx3DcOazTObjBf6t7n+G1ZnlVWVkQtDWMb+j9LLCcVwO0WzTZsbnus0FzieOZO05lEbhiuWjkL2F92Z3LEU2GQOGVjffbI89y1ybpMJJaEhLoOVsTpnYQG2AFwSdmy2WzyT/AEVp+SBuKN+2ws4DCQ1rRYgbQm+kpwC5wfdpsWsa7LPcey5TPRkIdZpd6xIa25HpEW2kW5dy60oSpHPNcbZfm6Mgq2vfC2PEWm8fquY63rA7271L9BsGFtd+0jb90P8A9S5bVyuhs2Nzw4AtdmQR+rltHPgQusdBsZFPVE7euaD2iJh/EueK7kdIKonTEIQuZQIQhACEIQAhCEAIQhACTkZcFtyLgi4NiL8DuKUQgOd1/RNSyOc/5RU4jtL3RSeJZiPvK5fr/q5/J08cPWdaHx9YHFuAj0i3CfSN9l75bdi9KLh/T+3+c0h4wvHc8fxXp/i8R/iUX3wi+rV9ScqKvq9omGeISSPe0lzmgNdABk6Jo9dwI9d27cOBtF6dhZDIIwbgtDrlzHbSRtYbDYMlbNWKgN0axhfYSSTY2enmwyMBvbKxweCpmuM+KVlxhwxNY0XcbtaXWOeY7FzU45s0o2nwtpeBTi61E4Jg03a7CeLThPeFOaI1rqIXXfLPMy30TqmVrD2gh1xyttVOl3jja/u2eZXZegCjjkhrmyRseOsiye1rh6jtxC6Z9nbtwku6afrD9RNS59PqQT+kesa7FTBsLSBib6E2I8S5zRb3Ae9Pqbper2+vHTvHOORp72vt4JHpDr4xWzU1NTUcQp8OIOhAdKSxrzdzbWHpAADPK987C46D1B0bWUsFUIXwmVgeWsmkIBO22O+V725KUtnbfvyXfFPqp30KcZpXS8yLpemh17SUQtxZOb/ddH8VL03TBROykgqGcfRie3wffwSFX0OU5+iqZm8MbY5B4BvmuHz1Ya97C0nC5zb224XEX28lS2eL0xYeOZesa6k5nyZ34a6aCn+kEdz/APrTO88BHij5Bq5Ps+Rgn2ZGwnua5pXAG17OfcVYKPVqslhZURU0skbwS1zGlwIBIOQudoO5FsmI/wAOV904PopWMy+0zrkvRXouYXhfKznFM2Qf4geq7rB0QCKN80NW44bHBJGCTmAfTa4W2+yub1ejZojikhfGRvfG6Mj34RZSmgta5YDdxmmGzAamdjLWsbs9JrveFj2TaEreHKueV150M8eDHtP0eaQlY4wtjkDTYgSBrr2vkHgDxUNpLVmugB66lnYBv6tz2cyXsu0d6nX9I1Y15dTkQN3tAZLitsxFzfIBSNJ0uaQb6wgk7Y3NP/q4eS8zaurKRXNVmiV2N0lizCQRmeR52sOJ8F13oea35NUltsJqn2Lb2IEUQyv2KkVXSNDPnVaLgkO97Xlj/c7AXDvUvqx0j6OpYzDHSVMbS9zzZ7JvSda5xPeHWyCVvs6TmnFKt66nXkKlU3Shox22V7PtxS+bQQpam1z0c/1ayDsc8MPc6y05k+hIU1XHILxyMeOLHNcO8FLoAQhCAEIQgBCEIAQhCAFwfpu0jFPVRRRuJdTtkZLdrgA5xY4AE+tkDmMl07WHX6gpLtfMJJB+iitI+/B1vRYftELh2uWs8ddVde2nENwGk4sTpLZNc/IAOtlluAzyC6YcM7yrXh2vl3vRc3S7TG6DV7Sgji6swRvLXGzn4r+kcVrXtl8VE6xxGonxNY1lmgENvh3m5J35puZTisWENG+wdf3NzCWZpBrRYFu/N2Jhz+1ZTixnhuppp8mq9aKh72j9X6JjKTRUudrHZv25X3p/oLSWkKMu+TTPhxkYsOBzXEDIkEEZAnclGV99jLj9Uh/lZKvrmC2Tr77tIsb353UZvuvkZKovW+6/lfQV0vpZtTIyWtcZJG4Q9zoTCJWjY15iw7ssWRtyCt9F0ySwWg+QQiOOzGNje+PCxuTQAWuGyypTa6M7+/LitgIyALNOwAejwyC6rAxavK67n9/DtNc01W46hSdOVKbdbSVDPsGGQeLmnwXCaqYOfI4bHPe4X4OcSPNTzqWLDiczDxF9m4XsbKE0k6JrrR58f9insp5c9btL4XyT0b7Na3k2rob3C9L9Gj3jQdP1OEyiGUsB2Y8chaDa522XnJtG8i5jcO3Dt4dqzT1BieML3RPBBJs5pBBuCf8AdTKMlqgpJ6Hb9U9YNIGtjY6UTwyOwSNddxjOAuxtIHo7Nhy5C110TSGjKNwxTwU7hxljhI73BeaGabqYXunp6z5x1ruicHOtweCM+5R+ntYKipkxVMhkeGsAc4NyGEE4QBhGfAcVkbg7jLxW4ubUnoKa1SBtXV9SWiNs8rWNaAWhvWPw4eVgE2ragsjpnADFJG9778RPLGLAbMo0lo6J0r8Dbku2DaSQHOOzkCfcnb9ExYQTM9zyHei1gwNdcYQXl93Ai5yblltuV6o7ftS3e0k+xvMvKVo55I8hnHpE+z4pwzSDd4PgUyqqMxgEuvcndb4pKM3RbZL/AHQhLvhFP+lRZmTtfm/jZLtrGfkLd1QOPd+clGMCWaFi2jD19lG++deTm76du7c2V8/T5HaugJt461+wF8TQOGFrz+NdZXMOgNn8zqncam3dDEfxLp6885ynJyk7f34JckqSW5JLcUlW5AhCFJoIQhACb1dUyJjpJHtYxou5ziGtaOJJ2JYm2ZXOekbXugFLU0jZeulkjfGBEA9rXEWBc/1cjuBJy2IqvfoDOnulqmju2lY6d3tG8cQ95GJ3uFua5vp/Xiuq7iSYsYf0cV42dhscTh2kqhyVD2mzXns2k96cRT1G9g94IPmvUsLAleXEa/NF/pc/TwJtrVdf2HU0N9htyFrJo9hBGe8bkqapw9aNzfHzWhnYTmSDcbWn4LHskmvdlF/zJdJ5X0vsCxK/YSdi9ojsQKiQbTfuK3cEkQsw9s2iCqGJJLlmdeV0HCL1Rl1RxjYfcAe9bCsYNz29jzbuJt4JIhX7oVjadJsa4AgwzZEAjY3cVf8AG4jlmmoy/NCPqlGX9RmRcL8/mUxlU136S/2mNPkEoD+yPYSz/UvTddqTo2bOShpyeIjY133m2Kr1d0OaKffAyaEnfHM827BJiCxY+DrLBV/9ZSj/AHZ10GV8+i+h5+rGSuIADms32diPwTd2i22+lAPB8czR94Ahdqq+g5v6Cue3lJE1/ixzLdygq3og0mzOKanlH23sd3Ftv/ZVLE2adOTxL7cs/jhhKS0S6r5lFotYBG/0YMTrFthIXNN7ZjL85pq6iMr3Sy5Fxvgbu5XVorNSNLxXxUL3DjGY3+EbifBQVV1sX08EkX7VkjP3gElhYU5e7jL+ZTj1UZLqYrivw+VfQzHE0CwAA5JCppGu/IQazIOAGfNN36Qd7LfH+KlYGFfvY0fCOI/8aKzPk+nzF6BjYpAXFwYQ9riG43DGxzQ4AkXsSDa45WKdPlZ6Ja7FcZ2bICw5ZHEBfafVvsKinaRfy7kia6Q/W/dWvC2Zf8rfdh/OcTLly6/Qc1bATd5z4cOXJIApIFbtK5zxklkwlUeO+2+99ajUV2vebXMWaUswpu0pVjlwKPQXQbFbRzne1USO7mxt/CuiKjdC7LaKhPtSTnume38KvKAEIQgBV7X2R7dHVj2PcxzYXuDmOc1wwi9w4ZjYrCobXKLHQVrONNOP8NyA89t1one3q6t8tVFbKN9RM0X4ki+P/wAr2SYOjHkYoquHMXDHRTNt2uLSB2AqGBQgOkaN0noOGNxZELgC9uvMzuXzrQCf/MhOpa/Q8g9CVg/VlikYR2E2b5rllkOVqctCcqLFpyuo23bTsLj7XpNZ3HN3gqrUvvc5DsACWcU0q3Wbc78hzWOV7jUhUpIjNKlaO2qTTWyvnQqf6Ui/ZzfuKiK8dDTv6Vg5sm/ynH4ID0ehCEAIQhAC1IvkVshAeZOlNrRpOsa0BoD2WAAA+hivkOd1Snq6dJsjP5TrcRP0g8I2D4KtR9X7Q8vNenD2TFxUnh074KUb/wDN30JcktfiMKeJrnta84QTYngrjVaqUkVP8pfLM5t2glmAlt8rAW2G47lB/J2ncEvHcNwY3YL3w3u1Ri7NjYW/EhKPfFr1QUovRmGy6OGyGreeLjE0dwVu1UfouoaYpoImPIdbELPbe+YI38wqiGIMYO0BcLRQzkpMLnNuDYkXGw2NrjkVuynG3cnLv+BxWu1euOHHCWbFVvhH4yrelxrc5LjGLUnF3p5/I9G9GUAZoukaNhYX/fe5/wCJWpQepMeHR9E3hTw/uAqcXmbttvj4dOBYIQhYAVK6RNc6eijNPJG+SSaN9mNs0YXXaSXnIb9gJ5K6riv/AFAR/PUbuMco+65h/EgOUOntuNu3u7crLIqW9nu/gkZAkiEA/bIDsI71k7FFPCSfK4DJxHvKAfSVeZawC4+s/Z7h/FR8scjjcnEe0H/hS0MFg1wALn4s3C4a1uEGzdhJJ3+yt5ohYkYRkTdrQ0ODRcgt3EAE3GRAOV9tzyxm4Xv++pSw8V4bxsryJ03u861rt4avdvE3JMpQpMqCQV06Hj/S1LzE3+RJ/BUtXHojdbS1H2zf/PKgPSqFi6LoDKFi6ygBCEIDy30nG+k639qfAAKnuGatvSQf6Srf2z/NU+R+aagWiNlb469jqWGExRhzMZMuECaVznucA5+3C0ODQP1fcKYI3Czi02yOy48FI01Qy1sQB/PFdMLGxML/AE5OPc2vSjGk9SSxcFqfzkkOta0YnOyCzBV9aMdrDMAchxXoe37RKnKSdaNxi2u1NxbvxJyR4fE3K1JWztq1cMj2LyNttt6lnqnQDMNLTN4QxDuY0KQSNMyzGN4NA7gllgBCEIAXIP8AqAZlQv5zt/yj8F19cr6fo/5tSu4TOb96Mn8KA4c9JFLOSbkBqIS4EjcL577EA24nNMptifyVJEZjFrOIxei25wm7QHHMC+dhbYL33MHC6Al6MkgWtdtyy5aA4OADmHgcgRfLaN4TlzHC5dG5gF3fODDiOEhkbMhivcXtuJUMyWwtb47rfBYMp3O8SB3GwK7OGHOanfvLw+6Kji40MKWDGVQlqqvXc6dqr8eI+Gwdi0ctwch2BJuXEkyrX0WutpWiP60v/wA8yrFHSvlcGRtLnHcN3MncF0zUfV1lNI2eR2OYXw2vhZiaWm3tGxIvzQHaRULcTKsxaRTllcgJ8TLYSqEbWJZtWgJcSLIcottUlW1KA8zdIDr6Qrj/AGibwkcFT5NqtOuj71taf7RP/mvVVdtKAsULfR9w8lh8YO0A9oBW8fqD3eSwuuLFRUa5Lq38KMXHvIXSkYa4BoAy3e9SGh/ox7/MqP0wfTHYpHRQ+ab7/MrkaOjtSlLHikjb7T2t73AfFJb0/wBX2Xq6RvGogHfKwfFAeqkLF1lACEIQGCua9OrL0ER9mpZ4xSj+C6Q5VnXnV75dTGm6zq/TY/Fhx2wk3FrjcTvQHmYMJIaASSbAAEkngANpV31c6NZpbSVZMDNvVixmcOe6P33PILp2gdUKWhb80zFJbOV9nSHjY2s0cmge9K10jjkgOY6X1GgZI8xvOD6rCSQ3L2jcuPMlV2s1TI9Urp9TSklNDo88EByWfQcjdyZS0LhtBXZjo2+0XSMur8btrO7JAclbsHYFM6I1bkms592M5j0ndg3dpV3oNTYY3mQ3eb3aHWs3sG88ypv5HyQEBQaOZE3DG2w38TzJ3qSpyQU9+SrZlMgNo5ynDKwpLqVqYkA+ZX804ZX81DFi1N0BYWV6XZXc1VetIWRVkIDkGs7r1NSeM0x75HFV120qb0268sx4vee9xUHvQFmb6v54LVZ+r7z8Fpddsf8AEvyx/tRkfiyF0sfnPcFLaNHzbexQ+kz84fd5BTdAPm2fZHkuJopxU1qRFi0hRD+0RO+48P8AwqE4qx9HTb6So/tuPdE8/BAekA9bByaNelWvQDi6EldCAWKRkal1ghARs1PdMJaBTxYk3RICuP0dySLtHclZXQJN0CArZ0fyWhoVY3U6TdTICvGjWhpVYHU6SdToCCNMsCmU06nWhp0BEmnSbqdTJgWjoEBCOp0i+nU66nSbqZAV2SBNJI1Z30iZVGjidiA4DpbOST7TvMqMdHYjtV1qdVKoOe58JHpG2++e24yUVU6GeMnMKATDvR97vwrF0i+lc3eR2rW7xuBVTm5O3yS8kl6Lf2mJURdefnHfncp6kFmM+y3yUNLTkuLiNqm48mjsCk0wTtXTejTVl0bm1kws+x6ph2tDgQXu5kEgDcDzyitQ9VMZbVzt9DbEw/WO57h7PDjt2bepU7EBLRTJ1G5MIgnkSAcXQtbIQD1CEIAWLLKEBrZYwrdCASMa0MaXRZANTGkzEnpatSxAMXQrQwp+WLQxoBkYlqYU+Ma1LEBHugWhp1IliwY0BGGnSb6dSpjWroUBAPpE0qNFMd6zGntAVkdAtDToCj1mp8D/AKuHs/gVA1vR6D6hHvBHkuq/Jlj5KgOFaR1GnZchhI5Z+Sd6kaound1s7CImnJrgQZHDcRtwjfx2cV2sUo4JQQ8kBDxU9srJ7DCnogSrIkAjHGnLGrZsaVaxAaWQlsKEAqhCEAIQhACEIQAhCEALFllCAxZYstkIDTCsYUosIBPCsFiVsiyARwLBYl7LFkA3Max1ac2WMKAbdWjq05wowoBt1aOrTnCjCgEBGtgxK4VmyA0DVsAtrIQGLIWyEAIQhACEIQAhCEAIQhACEIQAhCEAIQhACEIQGEIQgBCEIAQhCAEIQgBCEIDKEIQAhCEB/9k=', 5),
(6, 'data:image/jpeg;base64,/9j/4AAQSkZJRgABAQAAAQABAAD/2wCEAAoHCBISFRIRERISEhERERERERISERgSERIRGBgZGRgYGBkcIS4lHB4rHxgYJjgmKzQxNTY1GiQ7QDs0Py40NTQBDAwMEA8QGBIRGDEhGCE0MTExNDQ0MTE0NT01ND8/MTE0MT8xPzExMTQ0MzQ0ND80MTUxND8xMTExPz80MTExMf/AABEIAOEA4QMBIgACEQEDEQH/xAAcAAEAAQUBAQAAAAAAAAAAAAAABwECAwQGBQj/xABUEAABAwIDAgUKEAsHBQAAAAABAAIDBBEFEiEGMQcyQVFxEyJTYZGhsrPR0hQVFkJSVHN0dYGSk5SiscEXIyQ0NURiY3KC0yVVZGXCw/AzQ0Wj4v/EABcBAQEBAQAAAAAAAAAAAAAAAAABAgP/xAAdEQEBAQACAgMAAAAAAAAAAAAAEQECIQMSQVFh/9oADAMBAAIRAxEAPwCZkREBERAREQEREBERAREQEREBERAREQEREBERAREQEREBERAREQEREBERAREQEREBERAREQEREBERARW3CuQEREBERAREQEREBERAREQEREBERAREQF4ePbRwUTo2zNkJlD3MLGtIAZlBvdw9mO+vcUU8M05ZJQAcsdX4UCDrWbeYed8kjemCQ+C0rYj2xw926oA/ijkZ4TQoGFc5XNxAor6AbtPQH9cph/FMxp75WwzGqR3FqqZ3ROw/YV89tr1ea9EfRDKyI8WSM9D2n71ma4HcQeg3Xzf6KYd7WnpAVzZ4/YN+SEV9ILHK4BriSGgNJJOgAA3ntBfOoqwOLp0afYrX17iCM77EWIznd3UIkjZnE2uqI4+qgSA5ZXGVjopHaACM5zmzHdYXsTdSQvlstIdmaXNANmkOIs4WJtrpvCyGaQ75JD0vcfvVzE19QKx0zRvc0dLgF8vlgO/Xp1VraaP2DPkhX1H03JiMDeNPE3plYPtK1n7Q0Td9ZSjpqI/OXztHlG4AfEtptVZSCeH7WYeP1uA/wyB/g3WtJtvhzf1gn+GCV32MUHGqVRVpF6TS/b6hHFdK/ohc3wrL1cBxuOtY+WJr2tZIYyHhodmDWuuMpOlnBQH6LKlfglkzUs5/xjx/6YUiO7REUBERAREQEREBERAUT8NDbyUHudX4UClhRVwytvJQe51fhQKaIycxUDFmcxWhqNKMjV7olkjasjgg1OpqvU1msqorB1Iq18ZWzdWPKJGu64Yz3WbvMh8qw5ithw6xnus3gQrHZWsrQSrhdXNCvaEoMYSs4gKugGq3g3RS6uPN6iVe2nK3QxXtYpVjQ9DlS3wRsy0k4/xr/EwqNcilDgsbamn99v8AFQpmprtkRFpBERAREQEREBERBRRbwxutJQ+51fhQKUl4W0eytLiHUzUh94g8MLHZSA/Lmvob8VvcQQG56ta9S9JwV0B3S1beiSP72LWfwS0nraqrB5MzoyL9uzAo1UXMes2YKRncE0frayUHtxhw8ILmts9inYbAyobUGcOmZEYxF1NwzNc7MHZ3bsu63Kp2VzpIVNF0uz2wklXTMrDWMp2v6oSx8WcsDHuaSXh4Hrb7tLqsmxkDQCcYpbEXForki5F7B55Qe4kK5nRWvAsuk9SdOdPTen154HAfarnbGQn/AMxSfI/+lS45F/EZ7rP4ECwrs/UVBla304pSQ97yclhZzWADjfsHuq31Ewf3xSfIv/qRHINV7V1B2PpxuxanJ7cDx37lbHqIg/vilHLrHr3M6DmabevRA0WbH9nxRxMnhq461rphE5sLAwtJY59ycxvxRp217mA7GeiKSOtmrG07Hsc97XR9bG1riDmeZAOTfYIOcAV4toLi53C+p6F0tHs3hkjmtbioc55yt9YHuO4MLnWdftXWHaPCY8LmgserNka5zpJ2tJjIc1oym2g66/SAs8rmV18XHOfLM14ZZa4O8bxyjk3fGpL4MPzab32/xUS4+kkbWyPp3GLr45HZwB1QljQ5hBNnFt2jNp3FIux1BFDSxGFrmtnYypcHnMQ97GX1sOQAfEnG/K+bhx4z12499ERbcBERAREQEREBERB4OI087SZGSNMRJL2uBztJ3ZSDYi9ubRRVR8KsjmjqkdnWF8gu09FyppxDiO+L7Qvkym3DoCCV28J37EnyR5yvHCWOVsnyB5yjmNgsr8oSqkUcJbfYyfIHnKk3CLDI3LJE6Rl75ZImvbfnsXKO8oVrm6HoKVExx400MY1sUTY2nOyMMysa43JIaDYHrj3Snp+PYR9/yrleEWl9Bw0hhe8F5ie4uIOrmPBG7doN64luMVHZPqt8itwuph9UH7DO/wCVV9P/AN3H3/KogGM1PZPqt8iqMaqeyfUb5E6Kl30+/dx9/wAqr6f/ALuPv+VRF6d1PZPqN8ir6eVPZPqN8idCW/T89jj7/lVDtB+7j7/lUS+nlT2T6jfIqHG6nsn1G+RRUp1OMMkAD4oXgagPZnAPxqg2gc1uRrYxGNAwMsy2+2XcordjdT2T6jfIsTscqeyfUb5FRJ1XtS2JuZ7IQOT8WLk8wHKVkpNqZJ6ZtS6OPrp3xNa5uYhrRcHXlUOz1kkjsz3Fx3a7gOYDkXXx1b48Jpnsdlc7EpWE2BuMjzbUc4CYju4cfeTcRxg84YAV6lFiNRKQyNma1hZrdGjtncAow2cxiV9TTMmlb1J88TJAWsaMheA67rAjS+qnSixGkz+hoZYDI1ufqUb2l2XnsCru59Ha7DqaVvXSvaTbitGg6Tyr0kRZBERAVj3houTYBXrFLE1wyuFxv5vsQQtidZjEksskM1eyJ73PjYY3sLGONw3K0EAC9t+4BYoKrG2m7pqx4taxbIBfn4v/AC6mSTC2Hc6Rv8Lz991HO3mNz4fPHDE5z2vgbIS99iCXvbbQfshFeU3EcY1u6rHNZkhub8ugtpfn+9Ukr8YubOrCL6HLK0kclwBp0XK8p+3tZ2vluWM7e1vP9YoOp2br8TdVQsqXVJgcJc+dr8mkbi3MXNtxrfHZRbDglYLXo6vcP1WXzV0528rvZ/WPkVjtu67sh7qqPNjwert+aVX0aTzVk9KKv2rU/R5PNW0dua/sp/58St9XGIdmcpBrHCKv2rU/R5PNVs2F1LWuc6mqGtDSS50Dw0DnJLdFtHbbEOzOXt4JtLVzU2JvfK4vp6eF8Tt+VznPubHQ8Ub0Vv8AC9/0KD+Cn8XKo0YF0eP4vLV0UD5yHPZViJpGgyNjeR4RXPMTUXZVUNVQrgFFW5Uyq+yWQWZVTKsllSyDC9qwPC2nhYHhVGqBquvf+h6T4Um7nU3rkV3mH01LJhEDaupfSsGITFsjIXTOc/I4Zcrd2hcb9pBxsEvVCQLacpHet3F7ezNW2CtpX6XZPC92lhlc4Ndbt5S7urao8Gwhp6zFJSTyGgkXu0Ow1K+RkjKmteAWEhuHSta4A3tnLSG350E4Itemmc4XcwsHJm0J+LkWwgIiICIiAoa4YvzyH3ozxkimVQxwxH8sh96M8ZKg4BwVparl1uxWypq71ElhAx2VjT/3Xjf/ACjvnTkKiuOICtNlNfqRpuwU3zTPNVRslTdgp/mmeahEJWCZV3XCTsq2GOOqgYxjY35JuptaxuV/Fc4C1wHafzhR8x5BsUGfKuj2Zb+SYz70p/DkXNtcun2b/M8Z96weHIqPKn/R8fwgfFFeY1epOP7PjP8AmJ8SV5TURlargrWq8KKKqoqoCoqqiCxy13LYctdyo1jvPSuukF8GpfhOXxb1yJ3npXXvv6T0lt4xWQgDebMeiM2y+zdVIY6pj2wFj2yRuczO7O03acp03gb1K+zeO1WdtPXsZnffqM8QtHJbfcc9zbk1I01uvOieyCFhf1rWtuSeQLTwevFbVwOiDwyPKLPABBDy9x0J0LWtVEmoiKAiIgIiIChfhj/PYfekfjJVNChbhkP5bD7zZ4yVBx2EYdJVTR08fGkdq61wxg1c89oD7hyqdKCkjgjjhjGWONgY0cthynnJ3k85XLcHWBdQh9EyNtNUtBaCNY4d7R2i7jH+XmXYKNLlUK07lcEViq6ZkrHxSND2SMcxzTuc1wsQvnjaHBn0VTJTPuchzxPPr4jxHfce2Cvoxcfwk7PGsp+qxC9RShz2Ab3x6F7O2bAEdsW5VU1C0T11ezBvSYz70p/DkXGh+5w3H7V1+yzvyPGjzUtP4ciI06gf2dH8InxJXksXvYrT9Toupg3EeKPYDz2iIXgsRGQK8K0K4ICqqKqKKiqqIMblgcs7lgcg1jvPSpAwRjThlI472YnJI2+ozBrracqj87z0qQcIz+lMJZHLIW185yRRukdxHcjRpyC/bRHa45RvqKZvUwHPIjdl4uaxFxru3Ld2Kw/qErwSHPe17nnLazi7MeU89l4eyeLzFpE0NUxgIYxkkLg4HfmuW8XeL3Xv4XiTI53veyQMdmAcIZH6uN9bN3aHXthUdsiwU1QyQXY7MOggjpB1CzqAiIgIiIKKONrsC9GYpBnbeCGjjkmvud+NlyR/zEa9oHtKR14ElSJHPcPWvdH2+tJHlPxouAVVaCmZFXFXrCXcyua/nQ/GRFQFLoIO4R9nfQdQZGNtTVRc9lhpHLveztanMO0bcipsf+Z40P8AC04+u9SrtjhkdXSyxSEDrc8byLlkreK4fYe0Soq2PY5tJjbHjK5lPAxw5iHvRGCpN8OjJNz6ZEknUn8SV47F68/6OZ8I/wCyV5LEReFcFQK4ICIqoKKiuVCgxuWCRZ3LXcg1jyru6GvmgwmndBK+J7sRmY50Zs4tyPNui4HcXCHl6V2bf0RS/CU3i3oMA2ir/btT84PIt3Ddqq9kjPyqSQF7GlsgY9pBIBFi37F4AWej/wCpH7ozwgivpeOJreKAL8yyIiIIiICIiAuIqJRT1j4HOuJWiZnOGvc6wPQ5rx0ALt1Fu3tNUOr4KinYZImU8ccjmPYLHqj3EanUgOaUHX3VFqYbVdUYDyjR3StuyNKhXNVirmRGRFjBuraiXI0ntaIVzm2OJtjjfc2Yxpc/7h0qPNlZ3SU2OSO4z4IHEc3XPsPiACu4Q8SdK8UzDfKQ+bUDrjqxvc1+MLHsbGRSYwCLXpqflB9e/mRGvUD+zmfCP+yV5LAumhwmaehhiijc+SbEfxbdBnAhfcgnQAZXanmKyDg9xX2mfn4fPVHLhXrpxwf4r7UPz8Pnp+D/ABX2ofnofPUHMIun/B/ivtQ/PQ+eq+oDFfah+eh89By6LqPUBivtQ/PQ+eqfg/xX2ofnofPVHKOCwSBdmeD7Ffah+fh89YncHmKn9UPz8PnqDh7fauzb+iKX4Sm8W9c7X4RNTSPhqGOjkYeuY6xNjqCCNCDzhdK9tsJph/mUvi3oPDWal48fujPCCwhZqTjx+6M8IKq+m0RFEEREBYZ5covYno+3oWZUIQeRNIZOVxbzNGneWlNhwd7MfyroY4mt0a0DoFlei1xzMGljc50Egbm3tkgdI3p617TdZfQdb2Sn+iS/1l1qKQrkTR1vZaf6JJ/WVPQdb2Wn+iSf1l16JCuRFJW9lp/okn9Za9ZhFZKMrqlkY54aQh/de947y7VFSot/BtBdz3vlkkeS575N7nHUk2Flt0WxjGRVMEZ0qmRxuc3UgBxPxaEqSFiiha3itAvvsiNahw2KFkbGMaBE0MYbagWtot5EQEREBERAREQEREHK7b7JsxGK7bNqYweoyHceXI79k94684MZ1WCVb8OjgjgkM8WIzF8YAzMtG9tzzi7m9N9FOyxGJpNy1pJ3mwuUHza3ZjFB+qSc3FB/1LZodmsSa9rn0kpDSHACw64EEXuTovorqTfYt7gTqLfYt+SEGhg2ImoZmfFJA8aPjkG4/suGjh/ywXpqxrANwA6BZXoCIiAiIgIiICIiAiIgIiICIiAiIgIiICIiAiIgIiICIiAiIgIiICIiAiIgIiICIiAiIgIiICIiAiIgIiICIiAiIgIiICIiAiIgIiICIiAiIgIiICIiAiIgIiICIiAiIgIiICIiAiIgIiICIiAiIgIiICIiD//Z', 6),
(7, 'https://encrypted-tbn0.gstatic.com/images?q=tbn:ANd9GcT7DEkxbelEOGxyI_kTveKqaBenm7JmSpAhV09D2h4I74tjiSYufn6bhljVE10PlAZ78gs&usqp=CAU', 7),
(8, 'data:image/jpeg;base64,/9j/4AAQSkZJRgABAQAAAQABAAD/2wCEAAkGBxAQEBAQEg8QEA8QERAQDxAQEA8QEBAQFRUXFhURFRYYHSggGBolHhUVITEhJikrLjAuFx82OjMtNygtLisBCgoKDg0NFQ8PFSsZFRk3LSsrKysrNzcrNzcrKzcrLSsrKy03LSsrNysrKysrKy0rNysrKy0rKysrKysrKysrK//AABEIAOEA4QMBIgACEQEDEQH/xAAcAAEAAAcBAAAAAAAAAAAAAAAAAQIDBAUGBwj/xABCEAACAgEBBAcDCAgFBQEAAAAAAQIDBBEFEiExBgcTQVFhcSKBoRQyQlJykZLBI0NiY6KxwtEkJTNTgnN00uLwCP/EABYBAQEBAAAAAAAAAAAAAAAAAAABAv/EABcRAQEBAQAAAAAAAAAAAAAAAAARARL/2gAMAwEAAhEDEQA/AO4gAAAAAAAAAAAAAAAAAAAAAAAAAAAAAAAAAAAAAAAAAAAAAAAAAAAAAAAAAAAAAAAAAAAAAAAAAAAAAAAAAAAAAAAAAAAAAAAAAAAAAJXNLvX3lOeTFd/3JgVgWyza/Fr3MqRyIP6X8wKoJVYvFEVJeIEQAAAAAAAAAAAAAAAAAABSvvUFq9ePDgW0toLui/e9AL4GNedN9yRDtpPnJ/yJVjJNkrtj4/mWKJkhV5XE8lJNpOTS4JaJvy4lngbRtsi3ZjTx2noo2WU2by8U65NfeVdA0CJnfLxJHNvvZHQgRYgUbSsyja/HRevACgi6qMXmbUx6dHbdXXq0lvzjHVt6JLXmzJVKxpNVPTucpRj8OJUVyWRj9tbReJj35Fir3aKrLpQU9ZyUIuW7FcOL00OWV9bWRkyujVjwpjXj33RlObnJuEfZTjFLTi13sRHYJXSj9LT15fEhXtKWumm/9lNv4HAtndKdo5mZi12ZM9yzIpUoVqNcXHfTktVxaa15tnpCMUlouSAlpm5RTcXFv6L5onAKgAAAAAAAAAAAAAxu0Z6yS+qvi/8A5FqZDKw95uUXo3zT5P8AsWE04vSScX58n6MiiRVgUirAiq0SZFvLIhHnJfzfwMLtPpts/H1U8mveXOKkpT/DHWXwC1seo0OY7S638eOqppst8JNKuP3y4/wmpbU61toW8K41Ur0lZL73pH+EsSu6ZOVXXFynOMVFNvVrgl3nPtr9b+DU3GqNmQ1w1ritz8Umk15rU47tTbuXkrS/Jttj9Vy3a/wR0j8DETYiV0javXNmT1VOPVUu52SlZLT0ju6fezT9pdONp5Gu/mWxT+jVpSvTWGja9WYKRTKi/wBjp2ZmO5NylLIpcpSblJ+3HXVvidcwOtOnI0Vl9tLfdPSuGnrH2ficn6NL/F4/lNy/DGUvyMdWvZXoijvu17Y5GHfGE1ZG2qcNYtPVSWj0fvOcYexXjRy7G5JfJXWlJLnO6pc/czT8PMtplvVW2VS73XOUNfXTn7zadmdYmXX7N1dOXDhqrIRhPg9V7UVpwfjFgZXoHs+yedjWRrm64SlJ2KMtyOkJae1y56HccbPujzkpfaX5o5rsPrRwJtK6FuNLgtZR36/dKGvxSN92ZtbGyY71N9dsfGE4yS9dHwIrO1bUT+dFr0epdV5UJcpL38P5mISLbO2hTRFztthXBc5TlGMV6t8CEbMDlG0+tXEqluYysybG1FbicK958FrOWmq84qR1LG13I7z1lurV8uOnEqKoAAAAAAQlJLm0vUCIKE8uC79fRaltZtH6sfvf5AZA1LrRtsr2dZbVOVdldlMozg9Gv0kU/do3wL6/Otf0t37K0+PM1bpdXKWHluTcv0E3q23832u/7IqxgujHT3JusqxrK4SlPeXaxe4+EHJax0a14d2nPkartDrK2hd811UJ/UhvzXvnqv4UU+iMtM7Ff7zT74tfmY5dGrZWTWsYpWTS5yeik+5f3Gi96O7QyMnK1uybrN2E5bsrG63qtzTc5L5+vBLkYbP2Hfjr2oawX06+MNPPvj7zcuj3RrsJ76cpScXF66JaNp8F7kbVRsyT5ijiWpIzr22OguJbFzcljT/3IuMYN/tRfB+7R+Zyva2E8e+6hyU3VOVblFNKTXek+RUWEijIrSKMiCSRTSKkiVIoyPR7hkRf1a8mX4ce1/kWHcZDYi9q5/VxMx/fTKP9RjmwJWIohqTRAnii5x3KElOEpQmuU4ScJr0kuKKNaLyuARnsbpvtOFbrWZNp6JSnGudkfSUlq/fqYbLyLbpb9ttls+PtWTlNrXuWr4LyRBQJ1AovOi2F2udh1/WyKdfSMlJ/BM9XJHnPqqw+02tjfu+0tfui4/zkj0aTVAAQAABg9o7arryoYsrFCy2t2Uxfs9ok9JKL72ueng/Jk8k35nOv/wBAY+i2fkJtSjO6tSTakm1GcWmuKa7NtFt0A6yFZuYubJK16RqyHoo2Pko2d0ZefJ+T5txXTdCUn5lC7Jrgm5TSS5vXgvV9xlUZQLe7H3k00nGSaaaTTT5prvNb2v1kbNx9V26tktfZoTueq7tY+yvfJGlbY64bZarGxVBd0756v8EP/Io2jJ6Dwhk05GPJVbl1c51PXccVJOW53xemvDl6E20LMHDlKWRk01tuUt2U1vtN68IL2nz7kcg2t0z2jk67+XZGL+hS+xj6exo2vVs1x9773zfeypXX9o9aODTrHHotyH3SaVFf3y1l/CaptPrM2jdqq3VjQ/dQUp6eDnPX4JGksnhLmgjIwzrbr6p3XWXSVtb3rZym17S5avh7jN9MYf5hm/8AcWfzNbxHpKD8JxfxRtXTNf5hmf8AXl+RRr7gUZwL0klDUDHzRBIyWHsfIyZOGPRbkTXONMJT3e/2tOEfeUvkM4ycZxcJxekoSTjOL8JRfFPyArbIWkct+GFf/FKuH9RimZ2mvdx8yX7iEfxZFP8AYwSloNEjIxZBgguaZF9XJGKjIrwtKMrEiWMLy5jcVHTeo7F3s2+z/ao0/HL/ANDuByjqFx/0WZdpzsrq1+zHe/rOrk1QAEAAAc669cZS2WrO+nJpl6b2tf8AWee5Pmeous3F7XZOdHTVxpdiXnW1P+k8u3R0A2PF6fbSqojjwvW7HhGyUFZdGPdHelqml5pvzMBtLal+S9b77buOulk5Sin5R5L3ItmSMKEGQbIMCEmU2ypoFAIo6E0UVlWXWz9m25E9ymmy6ffGuLlp66cIrzYFrB6cfDibl0wqlPaeVCEJTnK32YQjKc5ezHlGPFmMy+jUceE3l5lGPYovdxq38qyXLR6Rmq3u1+rkeodhYVUK1ZCquFlqUrZxhGM7JctZSXGT4Ln4AcL2F1V7TydJThDErf0r3rZp4qqPH3ScTouwuqPZ1Gkr+0zLFx/Svcp18q4815ScjoQAo4eJXTBV1VwqrjwjCuEYQS8kuCMV0j6KYW0I6ZFEZTS0jdH2Loek1x08nqvIzYA5JZ1OtfKallb1F1cezloo3QnCamoy4OMlwXFaeiOa9KerfaOA3KVTyKVytoTlw/ahzXu1PUpCUU1o0mnzT4oDxWlryG6enelnVhs/O3pqHye9/ratItv9pcpe9M410p6stoYOslX8ppX6ylNyS/ar4v7tfcBo+g0Ku7/b3jdAljIqxsJN0utm7MuyZqqiqd1j+jBa6ecnyivN6ID0N1HYzjsmE2tHdbdP1Sk4xf3RR0AwPQTZc8TZuHj2R3bKqYxsXPSf0viZ4AAAAAAtNrY/a499X+5VZD8UWvzPJuNOEZR7WvtILhZDXdbTWj3X3SXNPxSPXp5J6SUOnMy6n+ryb4r7Kslu/DQC22tszsdycJdrjW69jdpprpzrmvoWR74+9cDHNGV2ZtTsd+E4dtjW6K+hvTfS5Tg/oWR5qXu5MbV2YqVG2E+1xLtewv03dWvnVWL6Fse+PvXADE7pFQM9s3otmXx7SNPZUri78iSopS8d6XFrzSZcSxtl43+rk27QsX6rDXZY+vhK+XGS84Aa3XU5SUYxcpy4RjFOUpPwSXFmwU9Eb4xVmVOnZ9L4qWXPdtkv2KV7bfk9CW7pldCLhh00bPrfB/J4a3yX7d0tZN+a0NZyb5WSc5zlOcvnTnJzlL1k+LA2WWdsrG/06bto2r9ZkN42LrpzjVH25Lyky0zuluZdHsu0WPRyWPiRWPSl4aQ4yXq2a+2TRAna9l+jPZOxHrj1fYR43fzX6M9i9H3ri0P9hAZEAAAAAAAAg0nwa1XgyIA07pX1b4GfrJ19je/11Xsz18+6XvTOOdJ+q7Pw5fo4rKrk9IOvSNnvg3x9U346JHpQAcM6JdTNtm7ZnT7KHPsK3rNrwlPu9F952DYewMXCrVePTCqK+qlq34t978zJgAAAAAAAAAeYetnF7LbGau6yVdq9J1x1+Kkenjz51/4m5tKm3uuxYL/lXOafwlEDmmpkNi7eyMNzdM4pT03ozhGyG8vm2KMuCmuOj8zHErCrram1cjKlvZF9l0tdVvybjH7Mfmx9yRYuRFkNAJGQ3SpukygEUdwmVZW0SNl6OdBdoZ7XZUOFT/XXawhp4xXzpeqWnmBq017L9GewejD1w8d/u4mg9GOprEo3Z5UnlWLR7sklUn9jk/8Ak5HTcaiNcVCEVGEVokuSQFUAAAAAAAAAAAAAAAAAAAAAAAA0zrN6FR2pj6wSWZQm8eb4KXjVL9l/B6M3MAeNsmidc5Vzg4ThJxnCS0lGS4NMouJ3rrh6BfKIvPxof4iEf8RXFf61a+kl9dfFcPA4WFUN0juF3h4ll01XVXO2x/Qri5P1enJeb4HQ+jPU9lZG7PKmset8dyG7O3T7XGK9ykBzKEG2opNyb0jGKblJ+CS4tm79GOq7aGZpKcPktT+latbGvKGvD/k0/I7j0a6C4GAv0VEd/TR2S9qcvWT1fu108jZUkuCWiCNF6LdVuz8LdnKHb3L9Zb7bT8YrlH3JPzZvFdcYrSKSXgloTgAAAAAAAAAAAAAAAAAAAAAAAAAAAAAAg0c22p1Q4l+bPI3pQose/LHg9yPaNvfeq46PnomuOvHidKAGJ2L0cxcOChRTCCXhFLV+L8X5viZYAAAAAAAAAAAAAAAAAAAAAAAAAAAAAAAAAAAAAAAAAAAAAAAAAAAAAAAAAAAAAAAAAAAAAAAAAAAAAAAAAAAAAAAAAAAAAAAAAAAAAAAAAAAAAAAAAAAAAAAAAAAAAAAAAAAAAAAAAAAAAAAAAAAAAAA//9k=', 8),
(9, 'data:image/jpeg;base64,/9j/4AAQSkZJRgABAQAAAQABAAD/2wCEAAoHCBUWEhgWFRUYGBgaGBoZHBoYHBgaGhkYGBoaGRwaHBweIS4lHB4rHx4YJjgnLDAxNTU1GiQ7QDs0Py40NTEBDAwMEA8QHxISH0AsJSs1NDQ2MTYxNDQ0OjQ0NDQ0NDQ0MTQ0NDQxNDQ0NDQ0NDQ0NDQxNDQ0NDQ0NDQ0NDQ0NP/AABEIALwBDAMBIgACEQEDEQH/xAAcAAEAAQUBAQAAAAAAAAAAAAAABgEDBAUHAgj/xABEEAACAQIEAwUFBgQEAgsAAAABAgADEQQSITEFBlEiQWFxoRMygZGxB0JSYsHRFHKS8CMzgsKi4RYkNENzo7Kz0uLx/8QAGgEBAAMBAQEAAAAAAAAAAAAAAAECAwQFBv/EACkRAAMAAgIBAwMEAwEAAAAAAAABAgMRITEEEkFRBSKRMoGh4WFxwRP/2gAMAwEAAhEDEQA/AOzREQBERAEREAREQBERAEREAREQBERAERIzzVxqvh8vsqaOGDXLEixFrKBfUkZj102tcgCTRNFyvxapiaTPUp5CGyjRgGAAuwvuM2YXHSbmpUCi5gFyJiUcajbMDtoNd9plwBERAEREAREQBERAEREAREQBERAEREAREQBERAEREAREQBERAKREjXMnNtPCOKbI7MyZxawW1yNTe426SG0uWSk29Itc5caxdBAuEwr1WO75S6qtjsqXYte24A85y7i/HsbiEWjiFAdWZs1RAjLcEaDQNcEfd0sNbiSjH/aNiGU+xp016a529co9JAOY8fisWQa2KZstyqsmRVva9mUAdw36Snq30zT0Oe0SXCc44+giJTpU1p0xYhQHLnW7ML3sTsFsfOSFuZsTVVWZUHZuuQgdq2uYMwJGtsvUbm85Int6QLGsGWxtkcMQwZb3XcaE7ibDDcRrKympldT3qVzAfv8ACE6/2S1L55RM+F80YtcUylEtTKGoWSoRZ+32VVbqxUNYk21O8nI53wwUs7IoG/bGYDxUgHp85xj/AKTNTd29m2uhqL95bWFydPXulzG8ymrSKMjsrW1cqlrHNZWOu+9pZU/dfyUqE+n/AAd45f4/QxlNqlAsUVyhLKV7QCsbA7izLr4zbTnP2OuThq4sFUVgAo1AORSTc6knsj/SJ0aSnsq1p6KxNW3HsKKnsjiKXtLkZM65rjcEX0Im0kkCIiAIiIAiIgCIiAIiIAiIgCIiAIiIAiIgCIiAImM+MQGxJ+CsR8wLS0cdTYELUUHzAI+BgGTUrKu5A8zIXzVy4MZiEf2uRVTIRlzMTmJ0uQANZuW4fVJvnVj1vqfSW3o1F3Q/DX6SrW+GTLae0Rd/s9oEdmtVB6kIw+QA+swMVyLXX/LdHHQ3Rvkbr6yZjE2My6dW4kOJZoslI41xThFWl/n4dlFtWIBX+tbr6zWjAo3us6+RBHrO4vXkL5o4PhwjVRai41ug7LnoyDr1Av5zNw10y6yKv1Ig2Hw1RKiOHVghFgwt7puNQOvhMWnwlL3dixO/9ibNHzLvuf2m14HytiMWzNTCBA+Uu7WFwqkgAXYmxHdbXeVTp8bLtQuWhwbitXDKy0GZQzZjqCCbAXIIPcBOpYviDJw01mbt+wViwsDnZRqB3HMdJquH8h4emM1dzUIGv3E+Ot/WZPGOMYRqTUAyOFS5XKXTKljbN7pIsNLnabSvT2YW1XRB8G2ExOMzqmTDotAKrjLampZSTqd2VtQSTcHvmPzTzpiKZoLhq5ColTtDKQ6e1ZaTEWym9NUINvveMjuEqJ/i0bvTNSyh7BwiozMq5bgk7jTqNJqeNkvXcoCUU5EIFrogyqcuuW4F7TTe0ZNaJdhPtVxye+Kbj8yWJ+KlfpN5g/tlTarhiPFHv/wlf1nIHJ75n8t8O/iMZQo2uHqIrfyXGY/BbmAj6Yp8Vp5aLOfZtWAKI9s18ucrZSRcDexI0jhPEPapdgEbU5cysclyFbQnQ/UGaDjVKuUZgFFR2KUFbanZDlIy3vdrZrC+W9pjctUn/iVd6anEZMteoAQuUDREzHMLEg3I11HS0Ek6ieSw6z1AEREAREQBERAKSs13E+MYfDge2qomb3Qx7TW3su5+E0GL57oj/KRqniSFU/U+klJshtIl88VHAFyQB1JsJzXG844l7hStMfkF2/qa/oBNDicS7m9R3c/nYt9dpKhlXSOzistr3BHgb/SW2xQ7gT6TjVGqyG6MyHqpKn0m3wfM2JTdlcdHGv8AUtj87w4ZKpe50hsSx2sJbZydzeRnBc30W0qI1M9ffT5gX9JIMPiUdcyOrjqpB/8AyVaa7Lpp9FyeXUEWIBHiLz1aVkFjFbAp90FD+QlfQG3pKqKy+7VzDpUH+5bW/pMyJRnA3MEHhq6sLVqVvzL2l+Y1HmQIp8MUm6P2TuN9PA93rLNXGqswRxIhxl0ve/ibj9z8oBIBhqaDYfHWY2IxtNRYC/lNFjuJKgvUcKPE/Qd8j2O5nQA+zUt4nRf3PpKukiZlsrzulM0TUFNFbMtmUAMbkA3I30Pf1m/+y0f9QLfirVD8sq/pOWcb4xWraO3ZGyqLDz6mdW+yxLcLpeLVT/5rj9JWWnW0XtNTpkd+1XEP7ekiuwAp5iv3SWcgEjYnsmQxMXVGl1NxbvXTvBte4+ElX2ntfHqOmHT/ANyqf2kVVddOkmkn2IbS4Nji+XeI2WoaTujKrAoVeykXAsCX0B2yzTV1ynLUplG6OpRvgp7XpPofDJlRV6Ko+QAjEYdHFnRWHRgGHyMsp10Udb7R85OlNtDcef8A9v2kj5M4GyVf4ymURad0u4JOdltcKu4yk6nLvvpOl4zkfAvqKPsz1pMyf8IOX0kW4/yWcLRqYihi6i+zRmKsBmcDZCyFQRf8SsJFerXBM+krzDzGRVoszqGTtI+RlQM+h95iAbCxO1ri4uZueTeJjLUp2LNTbM5XttdyxNz943/De21hOW0+a6rjI4pPfQ+0pBs39DIJu+HcyYimmWmKFFD306DA9L5mdxfzmUuly2Xcp8IkHPPGA7IaFQ9hdSrMpGZrEEaWJIQa9Z0HAJlpoL3soFybnQd575xKtkdizMWJN2N73NybmxsTckze8nYp3xlOmrtkDHMAxt2UZrG3kJMW3T4NsqX/AJSl7bOtxETc4hETB4tTZsPVVSVLU3AIJBBKkAgjYgwDD5k44uEoio6lszBAAbdohm1PcLKe6QfF86Yip7rLTB7lHat/M1/S0iNfi9R6Xsqru9MkNbN2lYDRgTfXU+d5hqjrqjZ16DRh5r+ovKxkn3JvFS6N9iazObuWc7EuSx8te6YLYFd0JQ/lOn9J09Jj4biIO+k2CVAZ0cGBjZ6qe8odeq9lv6TofnLtDGI+gNj3qdGHwMveUtV8Kr+8BfuI0I8iNRJIL5nnLMVVdNjnXobBx5HZvjMinVDC4P6EdQRAPZMuUKrI2ZGZG6qSD6byw9ZRMSpjekAnXBubGzBMRYgmwqDQj+cbEeItbpJTVxSrOI18SSDrJ9U4tTSmrVHAJRTbcm4HdvMb0jaG3wSGtxE90w62KJ1JsJEsTzVfSkl/zPp6CR/HY+pUJDuSOmw+QmNZF7G84m+yYY7mOghtmzt0XX5naaHHcxVH1QZB3WN2+cjh0MyKjf4fxEzqmzRRKK4jEsTmZixPeSSZcTE9hvKYLknQAmXqeFYjU2HQS8YrvpGWXyMePtmJXa+k7n9nKZeGYceDn51HM48mEUDabbhvG8ThwBSrMqj7hsyfBWuB8LTsnxHK75OC/qM09a4Nn9oRzcRbwSmvoW/3TRYRM1RV6sB8zaeuI4969dq1TLnbLfKCBoqqLAk20UHfcmXODVFGJpliFX2lO5bQAZwSSe4WmN4bl9HVi8rFS0nyd2AlZapVVYXVgwPeCCPmJdgFJFPtKrZOGVrbtkUeN6i3HyvJXIN9rGJy4NF/HWUfBUdvqBIfRM9nK+XeC03GepcvmYezJFrfdNgc3jsdpI2wSICELAgEhdCT4W0YfKRei6swXcnunVl5FpvSX2eIq02KLmGZatPMVF+y2o1vsRK/sWpe+zn2FZs5ZwpYPqCOz2baEG1/GTXkOo1TFXIVVp03yqihVDMyKT4ki+p6SF0MOKZZM2fIzrmN+1lZhm1J3tfc7yf/AGZUOzWfrkUfDMx+olZfJrS1BPoiJqc4lCJWIB88cRw2Sq6fgd0/pYr+kso1gJvOcaGTH4her5/61D/UmaShYm05qOueUmXHZT765vzL2XHx2byMtrTca02zr3jZx5r3+YvPVZe6WaWjXHSWm6lcEVjmuzLw/EgdDNklVSL3E1T5X99bn8a6OP0b4zy+FKLnVw6Xt3qwO9mH6zojMnwzlvA55XRsKuLA2mvfFEv0uPUf36S0Q5sVHiC2nwI3YeQlKqC4bc9L6Dz7z6SazSis4afsemqSioSddPUy0/T6S/h21mN5nrg6JwJdlHQDxPjr/wApaqLrqbnx8JdxB7c3fCuTsXiLFU9mh/7ypdRbqq2zN8reMxTqjX7ZXwaTCnWZ/DuDYjEuRRpM+ti2yDzc6frJhT4Pw3Af59Q4msPuCxUH/wAMGwH85Mw+J87YhxkohaCbAJYtbztYfADzm+Pxap7OXN52OOPc9JyZhsOA/EMSL7ilTJF/C/vt/pC+ct8V5ioNT9hhsJSSn+Koqs38wXub8xJMjj3ZizEsx3LEknzJ1MqBO+PFme+Tyc3n5L64LaUwNpcCz0BKzpSS6OGqdcs8mLT1EFdlvLKFJdiNE+oYWvUpnNTd0P5GK387HX4yRYDnjGU7BstZfzLlb4Mth8wZHQkt16wUaWJ9JhmrHK+7+zs8ac91rH/R0TC/aLTJPtaD01Ck5rq2ZhbsAAd+uvhIx9pnG/4jB4RwhU1PauqXzHslUXYd97/GRV6hIuTrabfnJ8lPAId0wdNj/M+p9VnmO1TelpHuzjcJep7Zs+FcspQswYlyNajDXyUa2H93M2r13pjMrbAm4JFgBe5kP5Zx2IqPlSsyJfVnHtEHhY6nyE3XMWFxRw7ZlougKFqlJ7WUOp1RrMLmw0vvJ410Nc9mnoe5c76X8yLmdR+z2jlweb8TsfkAv1BnMPu+Z/5TsPKtHLgqI6rm/qJb9ZXH2XzcSbmIibHOIiIByP7TMPlxubuekh+KllPoBIfRGs6J9q1DtYdx0qKfhlYf7pztDrOeu2dWN/ai7V974Swd5kVBtMZpRF2XkQ7908lrGXqXumW1W9z4SNkouZOyT6zFVt/73m04Zw+rX7NGmzm1jlGg/mY6L8ZKeHfZ8qL7TG11RRuiEAd+jO30A+MmYddFbyTPbIAKbO4RFZmbZVBZj5AayZcB+z/EPZq5FBd7HtPb+UGy/E/CbpuZ8FhFKYKgGOxe2UEj8TN2n/vWRXi3HsRiCRUqHJ+BeynxA97/AFXnZHiVX6jzs31CZ4nklLYrhmBP+Ev8RWH3rhyCPzHsr/pF5oOL814rEXGb2aH7tO63Hi3vH0HhNGFnsCdsYJn2PKzeZkydvR4VJ7AlbSs3OVspaViJJXYiJWCSkSs9rTvIbSW2EnT0uzxaewlt54rVgo7Op6/t1lFa++v7zhzeXriPyex430xv7sv4PNSoSbbD6+cx8TSNtJfpjtCMQdT5mefTdVtnsxE451K0jX4u4p7a2P0sJIOdMEtbiy0GYBEp01IuQWVFDlFtrc5u7YXPdNzy3yg+IK1Kl0pCxFx2nAN+yDsp6n4dZMeM8nYXEOahD06p3qU2KtfQXI1U6ADaXmWlsyyWt6IZQ4ciKAi5ANgtio+U1/GquVAma+YrttZWDa/KSPFcp46lrRqpiFH3agyPbwYaE+ZkYx+DxdXEpTbDOj2Nswvcnez2ylQNSZd9FJS2uTCRGYoigliQABqSTsAJ3LC0slNV/Cqr8gBNDy1ywmGAdrNWIsX7lB3VennufLSSSJnXYyV6nwViIlzMREQDQc18BGLoBA2R0bMh7s1itj4EH6eU4/xjhNbDVMlZSpN8rDVXHVW7/qO8Tv0w+IYCnWpmnVQOp7j17iDuCOo1lKlMvNueDg19AZYcSa8y8kVKIL4fNUpi5K7uo8h7w8Rr4d8hVSYelp8nQqVLgyaJ0lMKQKi5gCoYXB2IuLg+Fp5otpPFX3TILHQOaeaTRqnC4QCktOwcoqi7EA5F0soAIuRrfTS2sMxGIqVGzVHdj1ZixHzOk1uLxjVKj1HADuxZguwLa6ay5RxXWezhmVK0fNeTVu3t9GWFnoCUVwdp7m5xtlLSsRJK7AiJWAUlYgCAJUCewmlybDqf79J59v8Ag+Z3+HSc+byJx/5fwdnjeFkzcrhfL/4Vdggu2/Qb/wDKW/alvAdB/ess1un998uYYC1+gnl5c95O/wAH0Hj+Hjwrhc/PuW6o+UvfcHnLLnQTc8G4JVxLBaa2UHtOfdX9zbuEy5ekdLaXLNZg6TPUCopZjoFGpJnReW+SlS1TEAO+4TdFP5vxN6Dx3m84By9RwqdgZnI7Tt7x8B+FfAeu83U3mNcs5ry74QlYiaGIlJWIAiIgCIiAIiIAiIgFJEOaOSaWIu9K1OrvcDsOfzAbH8w163kviQ0n2Sm10cAxnDquHqezrKUbx2YX3U7MPETHfYid54nwylXTJVQMO6+4PVTuD4ict5n5PqYa9RCalHva3aX+YDu/MNOtpjUNco3nInwyMrgfaLdDdlADDvG9j4g9Zr3pspswtO4ckUVbh1IFFswa4sO1Z2Fz1uANZrOYeR0e70RrvkP+0n6H5zfHkqF8o48+CcjfszklOqRM6ji+srxLgr0mIykW3BBBHhY7TW3t4Ttx5pro8vN49S+V+5vFYHaVmopVyO+Z1HFA76TdM5KhoyYtKXl6wtcmw+vl1kXcwt0xjxXkfplbZ4VL7T0zKu/aPQbfE/tMdsWWOVRlX1I8T+kKZ52fy6rieF8+57ni/TJn7svL+PYt4pyx17r/AA8hLlGnf4CWqi98yMN7p8v0nFT4PWSS6LTnSXKGiGMPhHqOqU1LudlXfz8B1J0E6ZyvyetAK9ez1NwN1Q+F928fl1kzLroreRT2R7lvkt61qmIulPQhdmb/AOK+O57rbzpWFwyU1CIoVVFgoFgJfETomUjkq3T5KxESxUREQBERAEREAREQBERAEREAREQBKESsQCgErEQDW8V4RSrrZ117mG4/ceBnNOZeTGp3YDMv412Hn+H6ec65PLKDKtc7XY7Wn0fN+JwjobMJaV52vj/J9OqC1MBW/D90+X4fp5Tl/GeXnpOwykEdxH9385vHkNcX+Tjy+InzH4MHA4g5iLX0vr3H9ZmVmJuSdf0muwSMKliNbW9ZsW13nN5V+q++Du8HH6MXWntmOg1v5zLcf4enhMVhrMtvdAnNXsdxjVDN7y5y/VxJ7AyoNGdh2R4D8TeA+NpuuW+SGqEVMSCiaEU9mb+b8K+G/l39HoUVRAqqFVRYBRYADuAm0499mF5tcSa/gvBKWGTLTXU+8x1ZvM9PAaTaxE2S0c7e+ysREkgREQBERAEREAREQBERAEREAREQBERAEREAREQBERAEw8fw+nWXK6g9D3jyMzIgHKua+W/4dkqKQVZ8oOx1VjYj4bj0kTbczqf2jf8AZUPSsv8A6HEhXAOWauKa47FO+rnz1Cj7x9B6Tmqfu0jqx0lO2abh+CqVqoSkhdj3DuHVjso8TOpct8pph7PUtUq9fuqfyg7n8x9Jt+D8Ho4dMlJbdWOrMerHv+k2U1nGlyzK8rrhdFYiJoZCIiAIiIAiIgCIiAIiIAiIgCIiAIiIAiIgCIiAIiIAiIgCIiAIiIBhcQ4dTroEqrmUMGtcjVdtj6eMyKaBQAAAALAAWAA7gJdiAIiIAiIgCIiAIiIAiIgCIiAIiIAiIgCIiAf/2Q==', 9);
INSERT INTO `imagen` (`id_imagen`, `nombre_imagen`, `producto_id_produ`) VALUES
(10, 'data:image/jpeg;base64,/9j/4AAQSkZJRgABAQAAAQABAAD/2wCEAAoHCBQVFRgWFRUYGRgaGRkZGRkZHBoYGBwZGBgaGRwZGBkcIS4lHB4rIRgYJjgmKzQxNjU1GiQ7QDs0Py40NTEBDAwMEA8QGBESGDEhGiExNDQxNDE0NDQ0NDQxMTQxNDExMTE0NDE0MT80MTE/NDE0ND80NDQ/MT8/MTQxPzE0Mf/AABEIAOEA4QMBIgACEQEDEQH/xAAcAAEAAgIDAQAAAAAAAAAAAAAABQcEBgEDCAL/xABLEAACAQIDAwcIBQoEBAcAAAABAgADEQQSIQUxQQYHUWFxgZETIjJyc6GxszRCdLLBFCMlM1KCksPR8CRiosI1U9LhFRZDRFSDtP/EABYBAQEBAAAAAAAAAAAAAAAAAAABAv/EABgRAQEBAQEAAAAAAAAAAAAAAAARARIC/9oADAMBAAIRAxEAPwC5oiICIiAiIgIiICIiAiIgIiICIiAiIgIiICIiAiIgIiICIiAiIgIiIHExNoY6lQQ1KrhFXeze4AbyT0DUyB5T8sqGEug/OVv2FOi9bt9Xs39VtZUu2ts18U+es+Y/VUaIg6EXh26k8SYWLO5P8tDjMYaNNAtEU3cM1/KMysgB0NlXzjpqd2o3TdZTHNg4GOFyBejUGumuanp7pc8GuYiIQiIgIiICIiAiIgIiICIiAiIgIiICIiAiIgIiICaRzkbbr4enTWi2U1C4Zh6YChdFP1b5t+/otN3lb87/AKOG7avwpwK0ZuJ46k8STqSZxPmCZGkftprJ3iYmC5SYyjbyWJrIBwV2C+F7GZe1xdO8TXnWVNbzs7nS2mhANVaguBZ0U+9QGPjNiwnPTWU2q4Wm5BIJR2TcbX84NKnoDzl7R8ZxX9NvWb4mEX1geePAvpUp1qZ6bK6jvBB902TB8vNnVN2JRfaBqXvcATy+V4X1/vjNoFNgisVIVh5pIOU5bXsdxtcX6LiB6Ww2NpVRenURx0oysPEGZM8vBACCBYjcRoR2ESTwfKHG0vQxVdeouzr3K9x7oHo6JRmE5x9pJbM9Op7SmAT30ynwk7hOdlxpVwin/MlSx/gdf90C1omg4XnWwDaVBWpH/OmYdxplpPYLlls6rbJjKNzuDMEY/uvYwNgiddOorC6sGHSCCPETsgIiICInyzAamB9ROtHBAIIIOoI1BHSDOyAiIgIiICIiAlb87/o4b1qnwSWRK453x5mG9ap91YFYGcQTOCZGmHtP0O8SBcTbKCKzAOFIPB75fdqJE8osElNlyplDBtzZ0JFvRJ84b9Qeq0Ymoql6Q7R8Zn0gM5uLglrjeDv3iYFLeO0TOWpZyT+03xMmrj4xeHVvPUWuNR0dc2nDMf8Aw8i+gxpI78Ml/gPCapUfRew/EybSs3k1S/mZs9uBcqFzHrsAIw9PmcEREqFpxaIvKOCsjNrUGDJZT5yhhpvDE5SDxBsfA9EkmMnqRP5OgOtsKlgdba7QZdOG+/hCNEwuLq0zem7o3SrMp9xmx4bl9tKixCYuoQDYB8tXQcLuCffNdqLZ29Zvjf8AGcYqiwJJVgCSQSCAQeIO4wLDwPPLjl0qU6FQdjI3iGI90mRz1MwsMEqt0mqWX+EICfGU4szlKZAAGz6XJIy9gFvffo64FgYznMx1X0aiUx0U0A975j4WmvY3a1at+trPU6ndnHcCbDumvK07kqQPTfI76BhPs1H5ayakJyN+gYT7NQ+Wsm4CIiAiIgIiICVzzv8A6vD+u/3RLGlc88H6rD+0f7ogVZecXicSNOrE4jIuYi+4dO89si8djkqgAnKQbg5fEaHjp4SSxeHeopWmrO2hyqpZrA6mwBMgcZgqlMjylN0vuzIy37MwF4TXFMDMLMDqOBHxkwzvqBa1zp39Ug6c9SbN2DhKmHol8NQcmlTJLU0YklF1JIlM2POLITvQdxInaMQR9U+7+k9EVeRWzm34SkPVBT7pEwKnNtsw7qLL2VavwZjJCqG/Kuo+H/efQxS/3f8ApLqr81WBbc+IT1WQ/eQzArc0VA+hiag9dEf7uWVFSjEL0/33z7FQdP4/CWPW5n3+ri0PrUivvDmRuI5osYPQqYZu1nU/cMDS7yS2YxKVyST5igX10WhirAX4AW0/sSdbmt2iu5Eb1Ki/78s1faOy61Co9KoGR0NmXMGsSA29SQdCN3TConEeme/4zccDyrwiU0pVMO10VUZ1axJUAFrBt5tfdNQdKl9Qe9QfeRJUbTwmUI+GDMoCls5UkgAFrhDbUE2vbU9ViPjlK1Bij0KodTcZSmSotrHziNGGpsbDsO+RdNRMnHPhSp8klRWJFr1AyqBvFigJvv3zFSB9sJwJwZyBA9QcjPoGD+zUPlLJuQvI76BhPs1D5ayagIiICIiAiIgJXXPB+qw/tG+5LFldc8P6nD+1b7hgVTODOCZxeRqsrZ2bOMoubHewXh0kiTC1GZbOp0J81srdG4qSCP6SF2f6Y75Nhb7h/YMGNL5Q0VSucoABVWIAsLkkGw4bvjPUGw/o1D2VP7izzHyp/Xj2a/Fp6b2F9Goexp/cWVNSEREIREQEREDiUDy//wCI4r10+VTl/Tz/AM4B/SOK9dPlU4XGvWkFVw7s5sjG7NawJvqd3TJy8l8PR/NJlyhrXDFc2UtqSAGGu+QlaU2EddWRlA4lWA8SJ9LNr2gG8iwYgnI9yBYE5TwubTXFwrhA5FlNgDca31/p4iDcdM76a6TqtMilKj01yR+g4T7NQ+UsmZEck/oOF+zUflrJeAiIgIiICIiAldc8Q/MUPan5bf0liyu+eP6NQ9t/LeBVOHpF3RBa7sqC+67MFF+rWbuea3G/8zD/AMT/APRNN2V+vo+1p/fWelZBTlLmzxynMHw9/Wf/AKJF8pNk4rABGq+TbOWC5CTqtibggaaiXvKw56fQwvr1PupEWqi2mfLNna4OULYAW0ufxnpvYB/wuH9jS+Ws8zmel+T30XD+wpfLWVElERAREQEREBPPnOCf0jivXT5VOeg5565wT+ksV66fKpwNfBk3UFSjRpPUouqOoyOV81gVzAqb6ixvIG8sTl3/AML2X7On/wDnSRa0XHbRR0dQDcqwGnSCJgbI2NisTmGHovVyZc+TULfNlvc9TW75ywlo8xo87GdmH/nRhrQhyH2mf/ZVf9A/3Tvpchdp/wDwqn8VMfF56RiVEZydw7U8Lh0dcrJQpKwNrhlRQRppoQZJxEBERAREQEREBK854/o1D2/8t5Ycrvnl+jUPtA+VUgVZso/n6Xtaf31lwYnnHwyVHptQxGZL30pWKgkZl/OXI06JT2yj+fpe1p/fWbBtugGqYgAaizpv1zsocA8VGYHtcwqxq3L+goBNCtY5bfq/rXt9fq980PnE5VUsalEU0qIUZyc4SxDAAWyseideNoM1OiRY38ktuNymce4zWtq0yoUHsI4gra9/E+EERjNPS/Jz6JhvYUvlrPMtTdPTXJz6JhvYUvlrCJOIiAiIgIiICed+cI/pLFeunyqc9ETzrzhH9JYr10+TTga+DNjx+16uIw1ChUy5KCqqZRlayoEGYkm+gHRNaE2nBYmi2Hpo2XMoqZvNN82pQEqOtderWRWs49AhsPfLN5i2ucYfs/8AOlb7aFm03a2O64ubGWRzFH6X/wDR/NlFuREQhERAREQEREBERASu+eb6LQ+0D5NWWJK755/otD7Svya0CqNmH89S9pT++s27HU8b5Zj+QYggKEvkc5gGZybqpGpIH7oM03AG1Wn66ffE9PyCk8PTxTZEXC1S1IoSMjgghCq5lK+bcAEX6ZCcqsBiKao9ei1MOxy5rasVBYWvfhx6ZdWyz/jMYPs/yzNO57D+Zw3tH+5Kqn3l+cmeUifk1Bct8tKmpIPEIBqLdUoMsJv/ACcqlVSx8xkUdQbKLjx/CQWevKNCSoC3BsRmNx3ZZxV5QBRc5V1sMxIF+jW1zK9es4qk3tcDhvtofwnZtus70GCgE2v4G4tfcdIVvFXb5I9NB2W+JJkbU2wihsuIOYm+rk69gOg7JW+CrF1BVvOA47j2j8RMtKxOjCzfEdR4wN+w222bdUYgG1wzfjOilyhYllZmUg2PnMewg23Hf3zXNlVLMUHEX7wP6X8J14hPJ1dRo+oJ6QNR+PjA2Dau3EpqGfOysbGzEgHgSC3vmv49sDXDFsOCzixcKufRQoIe5IIAAHZPvF4VKyEEk9FukfszWMJWZHKPvBsfwMD42lsFPOfD5gAosjHMSw3+cddejp6jYSHLYZaGD0sfyPA34G5TEXv16Cd4fXtkNtelZwfNCvYXIBAPG+m7W/jA10mWvzGD6Z20P5sryvs+mua9amxGoCZyGPQDlAHf0SwOZdiKuJUeiUpsR1hmAPgT4yxlbsREBERAREQEREBERASvOecf4Sh9pX5NaWHK/wCeNb4Sj9pX5NaBTdNiGBG8EEdoN5tNXljiCdcTWI6FZk94sPdNYyz4YSif/wDMV2ditVy+W5ao7E5RbziCLyM2nWaqMwpFVGpIDEDhck3t4zFw+KqUySj5SQQSADodCNRpOupjKrAhqjkHeMxAPaBoYHR5ITdeSSOCqgjKylxqbW0VrEDeGGo65pV5vHI17U81hv7L8Nbb9OmZVKcoayIFYsAwN7XF7fWnZhKiuma6MLekOvo018ZL0sSm5kXuA+Ew8dtDCJ5mTMbXyAlVF9bHW3cBCtFchKr5d17jv6u2Zi7QG4joIv8A32yTrph2OZMMiN+0rG9ug2sCOozo/I6d75FJ6TmPgpbKPCBj4PaOoIJBB06QRwPT+PjNkq7OOMQFKqpltpkzMrDpOYaadEhlw6A3CID0hEB8Qt53BjuzG3bAmk2dVppZqlLNaxJORdP2RqfGarith1A7Oa1Jg37D3YEdRFiPCZ4WfWWBGphKg0zoRwuXuNNdAluA4ztTCBrCqQ6X1TKUv2Or3H9790zbTkLAjMTsbDtqivT6s4ce9AffJ3kLiEwL1XfM+dVVcoAsFJJuGbU6jiOMxQs5lpFkUOV+Ebe7L6yN8VuJJYfa+Hf0ayE9GYA+B1lSWi8iRdAIM5lOUcQ6eg7L6rFT7jJGhyjxS7qzH1gre9gTKRaUSvsPy0rj0kRh2FT43t7pMYPlnRbSojp1jzl91j7oI2qJi4PG06ovTqK442N7do3jvmVCEREBND53lvg6f2hflVZvk0XnaH+DT7Qny6kYKbZdDIc7SY7gPefxk640PZJHkfhMLihkdylXXKiggvZSWN9wAHTff3S6Y1FalZtyt/Db3kTHxPlF9LMO24H9JbmG2Jhw+TyGIJUkF2Woael9xCrnU5eFxqJJ4nYdBkZBhkYMtszaWJ0uFdrgjeOwSLFFIb75s+weUhojIyZlBOqmx39B0PjNZKlWIIsQSCOFwbSzG5rK74ejiMNUV/KUqdRqT+YwLoGIR/RbU6BsvbCM/Z+3qFWwVwCfqt5rX7Dv7pBbce+If90eCLNfx+za2HfJXpPTfgHW17b8p3OOtSROtazg3zHv1+MCbSu67jMujtE/WF5A08afrDwmTSrhtxgbFTxqHjY9cyUcHdNcE+lqsNxha2O0ESFpbQYb5I4bHKxsdDu6pFrKJnE5LDpnw1RYHZOLzpbEdE+WrGBkWnJI6ZiFzxM4ZoGV5RZ8tWHATAqVQCLnQm39/wB8Z1tjEUWZhcePhxgSK4m5tPhqp6ZCYjaRJGRTpe5Ogt36zpqY2o3EL2ayzUqxebuoxxbi5t5Br9B89MpPWPO8TLNnm7D4+tTYslWojWtmRyhtvt5ttJ6D2M5bD0WJJJpUySdSSUUkk8TLIlZ8REgSG5S7DTG0fJOzKAyuGW1wVvwOhBBI75MxAoLlXyZrYEjyhVkYkJUGgYgE5SpN1awJtr1E2MyuRW0ccqZWw2IcKqLTFOkq0yACCalTJcn0db9MvFlB3ifUCt1o7Wqm64RKXQatYEa9K09fETsbkdtGqCKuMpUw3pClTL8LGzVCCO0Sw4gVvgeZ7Ar6b1qnVmVV8At/fLAwGFWjTp0kvlpoqLc3OVFCi54mwEyYgY2NwVOshSqiup3q6hlPcZoO3eavDvdsM7UW35Gu9M8bC5zL4kDoljxA85bd5J4zCXNaicg/9RPPp26SwF0HrBZBz1TNR29yAwOJu2TyNQ656Vlud92W2Vr8Ta/XAolMQy8bjrmSmNHHT3zZtu82uNoXakBiEHFPNqAddMnX90seqaW6FSVYFWU2ZWBVgehlOoPbKJVaqncZ2FpDCdq4hh1/GQTuHxJIFzrbjxNrztXEcDx3f07Rr3d0g6NVrC1tDx7LT6q5mNyxHHzdNbW4xFqc/Kra3HbMdtqLcgHUdFyPAbjIryY469uvxn2BLylZj7SP1VPadP8AvOpsZUPEDsF/ef6ToJ6ZK7O5O4uvbyWHdh+0VyJ3O9lPcZZiVFvdvSJbt3adW6As37Z3NhXbWtVp0x0IDUbsPogHsJm1bP5u8DTsWV6p6ajafwplBHUbxcFM0qbOwVFLMdyqCzHsUambFs/kRj6uvkci/tVSE/06t/pl14PA0qS5aVNKa9CKFHgBOyvSDqysLhgQRqLgix1GoikVZyY5v0xFMVa1ZgCSMiAA+axBu7Xve3QJaWGohFVBuVVUX32UWF/CdGz9mpQXJTuFF7Akta5vvOp16bzOk3VIiJAiIgIiICIiAiIgIiICIiAkTtnk9hcWLYiijm1g2519V1sw7jJaIFSbc5qXW7YSqGH/AC6ujdi1FFj1AgdZlfbT2XXw7ZMRSemx3ZxofVYXV/3SZ6cmJtCjTamy1VRqeU5g4BSwH1gdLQPNeH9HxmZg8HUqnLSpu56EVnI7co075afJDkxgiudqCM5Z7ByXXRjoqMcugtwm90qSoAqqFUbgAAB2ATW7EUzs7m8x1SxdUpL/AJ2Ba3SFS/gbTadnc19BbGvWeoehQKa9+9vAiWFElVEbN5N4PD2NLDopG5iMz/xtdvfJeIkCIiAiIgIiICIiAiIgIiICIiAiIgIiICIiAiIgJ1VaSspVhcEWIPETtiBgYTZdKmbotjrY8RffYzPiICIiAiIgIiICIiAiIgIiICIiAiIgIiICIiAiIgIiICIiAiIgIiICIiAiIgIiICIiAiIgIiIH/9k=', 10),
(11, 'data:image/jpeg;base64,/9j/4AAQSkZJRgABAQAAAQABAAD/2wCEAAoHCBQVFRgVEhIYGBgaGBwYGhgZGBwYGhgYGBkZGhgYGBgdIS4lHCQrHxgZJjgmKzExNTU1HCQ7QDszPy40NTEBDAwMEA8QHhISHjQrISE1NjU0NDE0NDE0NDQ0NDExNDQ0MTE0NDQ0NDQ0NDQ0NDQ0NDQ0NDQ0NDQ0NDQ0NDQ0NP/AABEIAOEA4QMBIgACEQEDEQH/xAAbAAEAAwEBAQEAAAAAAAAAAAAABAUGAwIHAf/EAEgQAAIBAgMCCQgGCQQBBQEAAAECAAMRBBIhBTEGIkFRYXFykbETMjM0gaGywRQjUoLC0QckQkNic5Ki4RUW0vDxU2ODk8NE/8QAGAEBAQEBAQAAAAAAAAAAAAAAAAECAwT/xAAiEQEBAQADAQABBAMAAAAAAAAAARECEiExIkFCYXEDEzL/2gAMAwEAAhEDEQA/APs0REBERAREQEREBERAREQEREBERAREQEREBERARE8sbCB6iQNm7QWsGtoyMVZeb7J6iPnJ8BERAREQEREBEzO28dVSram5AsNNCN3MZHpcIqw84I3sIPeDb3SaNdEz9LhOn7dNh2SG8bSV/uDD2uagXoYWMotolG/CjCj94T1AmR24YYbkDn7toGkiZKpw3pDdSc+0Svq/pBN7LhW3gXJFteXQwN5Kvb+PejSNRLXBGjC4Nz0GZN+HNY+bRUe0mcK236uISolQKAEDCwtrnUb/AGmKLWnwsqOmdUVSrBWBOYNcE3G4jdLbAcJKT6PxG6dV/q5PbaYbZXmVf5ifC07MskV9NVgRcG4PKJ6Jnys1KoJVXdVABBVrC53i0gYjFVAdax9r28TKj7Aaqjew7xOZxdMb6i/1CfI0Z2/av9/N4T21MqCzkADeSr2HSTaNH1N9q0BvrIPvCR34Q4UW/WE13WN79U+WnGUbelU35kc35/2ZYYfZxYAqNBqLhU7s7C0aPoDcI8MP3l+oEzi/CrDjcWP3TMimyiT6RR11KXycz9/0sXN6qf8A2L8ryaNLU4Y0BuRz7LSO/DSmdBSbXTUiUP8Ap1LW9ZP63PhTnA4WkDpUQ2PPUP4BJq4ssHimpYtip84lSDuItcX9tprdj7WSutxxWHnLyjpHOJjCP1v7/wCGduDfrFPrb4GmoV9BiIhCIiAiIgZHhJ6Y9keEpjLnhJ6Y9keEpjIPJkF2fPYi6667rDSw6eWTTI1ZtR1QPw01O8CTcDs6m17g7ueU2J2giECpUVb7sxAvbmv1yj2tw3yK9PC6uRbymmVOfIDfMeTm65cRvW2VS+z75y/02kD5g98+MvtzEli/0qrmY3NqjKCeoEATvQ4S4tDdMU7c+c5wfY17SYPsi4WmN1Ne6R8RUp5KiIUzhLlVtcDOu+27fPnOxts4hlcNiXa+pUm5XnsTqL67ja00PB799/K/Gk6/6vx7OV/zfnOOLXZPmVf5ifC8kFpH2X5lb+Yng86NOUdn4+IK7tJVYnEK5yu7EaXGY2sTbdPO2cXkFhvO4Su2PgWqEVqt8gYFQNCzKejkB7zpGC+R0DlC7jKOUm1hyATpsypRrZuKRYm2axzAGxO7Tqlfj6gd2cLYgHrJA5vdJeA2TkZqjXzb7cim2unK2u+OtXxJoV6flWptTyWNgb6k8lxyX5JJR1FVqboF5VsTcjp/7yTqcCM4qOvGsSvQNdeue6+Guyuw1y6HlAOkdTYhriFFdkqKoWxK+wX38ul+6cMBtSk9c0jYZhxFI1uATr1gE+yVu1apd8wOm4dG8HvB90o0I+kq2bKyqWXnJUEW0nO8src4+N3s+uj1KiWUhSMug83Ue3UGfuAqqz1VsOK9hpuFhp7jKbZ2KRKwKaEqUKnnsCCfaG16Z0wlcLV4jA5w4fmDByQ3ToSJqfozf1XT+t/fHwideDfrNPrb4GnN/W/vr8KztwdH6ynW3wNNxlvoiICIiAiIgZHhH6Y9kSnIlzwk9N90SmJkHkrI9WmL6kjTkF/ykgtOFarY+yBn9vbDpV8papUXLe2VFO/fvfolTT4HYc/vcSepEHzMt9pbcQV0ohbkgl2AByLbS4O/W2nTJVCkpdW8pbNoOKpFzuuCOmLT1Tf7SwoGoxR6bop+Az9Xgxgx+6rnrqoPBJeYioqK5zg5Wy2CJcno03W5eie6dcZ1RaurJnBCqBawNt2htrJsXKpKfB/Bg3FBr85xLD4bS62VhqSLV8nTC/V+d5RnJGdNNWInbBVS6M61nAUm4vY39k7YB89Ko4qOwyEZWa9iHGv/AHnl7XPqXjN9jnsnzK3bTwedis5bJ8yt26fg87WiDL8IjaovYHvaaQ0BToUE5qSn2izMe+ZvhEL1QP4B8Rmu24tkToVh8M3BTbHTPUW/IzE+w3HhLrEG4bpa3faV3B1eM5+yD3kywI4wHOw8ZqM1a45LKo+74f5jaGmXmFx3ESRWS7J279wJ+Uh7be1PN1++ZtxqMZjRxSekn5SpwhBxAB35GPeQPzlpiwfJ3HN4ylpOVrMwGq0nYdJGUzzR3qVU0xC2+0p77Xk5jlZO24/v/wAyBWf66m3OUPe1pY1BfLbkqt/dm+YnTj8c+TT1D+tDtp8KyTwe9Zp9bfA0i1fWl7VP4UkvYHrKdpvhabjDeREQEREBERAyPCX033RKYy54S+m+6JTGBzaU23dopQXPUOltByk62Alw0wX6RW1pDoY++Iijo1Xr1W8lpVqkljyU0FideoC56gNZbYja5pDK6sxp2Cndna410vblkLgZTvWqtzUW72dP8zlwkaxVho2a9xzruMzZtb3xY1Ns5apzUwwykOpb9vKRmtu3kAidNnCu9B6ptamGFIAWZmsA1z9kDk5SeiZnCszI7MbnMNTqbnU3PtE32wqX6hTJGjNU7i5EdYajYLGOaWbKUNRQGUaA5CRmA3i9jp4y34O1CFrJyeTz26WK291j7ZUPSyomltGHc7fnLPgmgyYlv4F8TGC02R5lft0//wBJKkXZHm1+1T/HJEsZZnba3xCjnT8X+ZsNuj6v7xHfMhtZgMShH2AT0HOdPcJrttMPJff07iflNwVPBlvT3+0PnLUD60c2cSm4On03TYy4reeev8pqM1fJv6hfxEquEqscO2UXICmw7WstMNuv/Ao8byPjUzU2H8I8ZnlNmNS+scyAplPNb3TNYmulN3JYWIy35NxuO8CXtUs7Mp4qrv52/wASlxVMELpy+IM8smX13vsfuIA+oYHcUBty+YfnLFnyuU+04cdRKn/l7ueQtm7NqOyOGJTNuuCBawG/dYC2k1GE2I5qF6jAryC1iOjpnXjHLlVhX9ZXtU/hSTdgj9ZTtP8AC0h4kWxK9qn4JJuwvWU7TfC03GW6iIgIiICIiBkOEvpj2RKdpc8JPTHsiU7CBxaYD9Ip49LqbxE37T57+kQ8en2G+IREfv6PqV2xB/gpr/U5P4ZUcJN4H8TTRfo7TiYlulP7Q7Sh4X5fLMENxna3fr75P3Vq/EPDJ9V13P8A3un0jAUrbPw/YLf1MzfOfM8JXLLk0Fgdecf9M+spTtgsMBu+jr8A/OVFFjF+rQ9B+UsuClO1DENz6dwH5yFjV+rTq/4yfwV9XxHX8lmY1UnZPm1+1T/HJMjbI3V+un+OSSJYyzG2fT35k+c0+2nBoKf/AHF/EJldut9Y3PkP4prMdRJwiE/aRu86eM3BUbGfKSL+dcfP5S3Srmdx9lwP7FPzlDhW4qsP/UHiBLLDP9fVH8dx90FT4CWM1p6FTKVBO9LW6Rc+F51xOifdlU73rJc6FdPbLXHDiMbchkqxg8e9vKH+H5SrxKcQdYlhtM6VPYPcJExY4i+yea/9V3nxb8HxxF7R8ZrU3TKbD8xe0fGapN06z45cvqtxZ/Wh2qfgkmbD9ZTtN8LSFjPWV7VPwSTdietL23+FpqI3UREBERAREQMjwj9MeyJTGXPCT033VlMZBzafPP0hA+UpmxAyOASNDYqTY8u8T6G8+c8P1AqpYWujE9JLcvdLBd/o7pH6NWP2nYD2U1+ZMx/Cg8fv8Z9B4AUrYRD9p3b+7J+GfPeE/pSOYfiaSfa1fitwbWde7v0n17g5iGrYFC++mXpC3KqrxT3WHsnxy9jfm17p9j4ELfBLblqVPn/iaZV+0SAigahl0PNbIfzk7guv6tWPOze4LIG0fMpjmv4LLTg6tsI/TnPvA+UzFr1sndX66f453JkbZR0r9dP8c7sYiM5tvDsXzquYZSNOTf8AnJbcLKf0ZMOadTPZAWCcVchW+/foOSTa0p9oMACbX9tr9F+SXRP+rFFQjlmDBwNQTrfUWGnRONHEVGr5/JkDjZubjG+7fvEzFPHuHzIxUcgJLHdbVjqZNTaWItbyrc+mnhLo2ZxLMwewAQC3Obf+fdLDae3VycRQSTa2YFrHQnKDpPnw2hWtbyjb73vr3yy2I7VsQL6AWbQsANQLWvqOgxo6Y9gwYjlbq/7unDaHmL1jdroJsK2ykL3y7zex1G4ndOr7NW24dVpx623W+7P7AcMikG/GO7rmrQ6SFh8AiaKABe+kmTpGLVbjfWR2qfgkm7E9aXtP8LSDjvWR10/BJO2L60vbf4Xlit1ERCEREBERAyHCX033RKcy44SemPZWVDSDjUmI4cbMeoyumuVCCvKeNfSbhpV49Lt7PnLB74FODhKNuRWU9YdgZ8+4YUctQn+Jx3ObeM1PBrEVqNJkyW+scjMDoCQd190YjZC1Kdd6i3OVnPWLtcTMnrVvj5qZ9U/RvjgMJUz7qdQjS5NiiFjlG/U758sM/adV0N0dkPOrFTbrBm2X07ab3C23AE/2ryTrwcpVsrs1Q+T8m4WmQNCShzX5eXfzyJwbwqthlaq975WuxuSCqnl1Mudjrxa9i1glwCSQM28Lfd5u4aC8xi697K3V+un+OdmnHZW6v10/xTu8sREqiZ/az6WG8n/PymgqnfKenhjVrhMwU3OUcrEDW1tRYXIPRLEVWG2VW4q+Ta7AkC1r5b5rX5RY6b50GGa1wumYISdLM24HlE74jF1adUYfygXOXYsXOYZFa2Z9481tJCoVHNYs7G1R1NOx4rhKuS5W5A0115prjPykqcretsdXpkKHKkKWKht4LLvF5dcE01d+kKPZqfH3Sv2elXI31iZD5XKjuMpIYqeKdL77E6TQ7MuVYnKTmBJUWBuqm41PPr03jl5bizcmtHiMWiBS19TyAsScrHQASE23U1+rc/d/OfjgMq3Fxf5GRqmDTMpGZbjWzsNcyj7XNOdqur7fpDerjryj8U8/7go/xdw/OR/oK5TZnvm+2TrYc84jAggjyjABdBZdLZhyr0SdjFhjGviFP8s/2pLDY3ra9t/B5W40Wrr1U/hSWWxvW17b+DzY3UREBERAREQMjwk9MeyspjLjhL6Y9lZTmQeGEjVKYLam2nNfwkkzlUHG9kCJUpKN1RB1q4/DImIwbujpTxFO7oy+fbzgRqCBzywqKOWRsNRo1HZCdV3gXH/mTlyyLOOsU3AbE34r0SOcVV8Jq+CfBNKSE4qjTeoXJVvOyoFSwBB58x9s0GzdkUkckJe624wvyjnli2CpMMppoRvtlFr89o48rZ7CxXnZ1Ibqduon84XCIiVCgIuhB1vund9j0OSnl7LMvwkT8/01EDFC9ypXjO7jX+FmIjUVOyV0rdafiklkknD4PIr66sV/tv8AnKvE1XXF0aRY5KiVGIAXQpltqRf9r3RB+LggXLg6kAbiRbokrA7HVKq1bqSL8hvqCN9umT0wdzbMRbQWC/lO4w7Dc49q38CJdwY/HcDXeslQVEIDMzAg3Ytc8wHLOS8FMRnQlqZSmTkAaxAap5Qg37puAj/aX+kj5mfmV+Zf6j/xmpyy6mbMYReCmIFyaasSzHRwNCxIGg6ZIw2CxFEfWUwik3tmN7DmtpNqC32R7G/MCUxx1PE00dcyqS66qMwKtlOgPRJ22mYh7KxjtVKE8ULoN+t1F/fLZySQLdPT54G6V+GSkjZkqi+45kfnB5OqS3rKbfWUz1ll3G/KszYryRoxvva/VxR+U5qNX1/Zt7213T9DHjcakbm/pB9kDlUTwQ92IVTcWGV0PKTzjnmet9/od8f6cdSfCssdj+tr238HlbtD0w01smn3Vllsf1xe2/g86QbqIiAiIgIiIGQ4S+mPZEpzLfhL6Y9kSnYyDzObDX2T2TOT1sp3A6ct/lA/atPSdKOzqTqC9NSee2veJxbFnlpA9TkeN50w+1Bu8k49ob8pOU1Zys+JmBwVNHJpoFJW17ndcaamWAMr8JjFdrAMDb9oAco5bmTQd8SYW2+16Jgiebz9JlQYSsxiL9JpGwvlcA8oBGoB9g7pZEyox9QjE4dQtwVqEnmsunff3QLdRPRnkT9MD0sAz8WIAmZzDUgiBRuDP4zRGZrC4hXTMhuM7i/Zax94jiV3w9BWbXmMkfQkkfCOc4A3nTvk6vgqvIA3OCxGnQRNYzbiM2z0O4zi+zFnVsDVXdTb7rD52nJ0qi90qd4P4peqdv4dsetqyjoQf2rLHZHrg/mP4PK7Hn64dSfAssdj+uD+Y/g8y23cREBERAREQMdwl9MeyvhKYy44S+mPZXwlMZB5JkeqeMOr5zuZC+gEuXYnly2JsAbb+S+nvge82tpa7OpjW4G6Y7ar1rui0nKixV0vc2seTdy90gYCtiFqgKavGZM1xcEXGpN9BYnl65NanGZ9fQ8RQBGiX6NNZR4zCu9O4p1EcOQBfXLbRrqSLGaS8/SZWWLbZGORc643KLXs1RxboNwRGHrbSG7Eo/QHot4gGbQTk9FD5yKetQZNGZO0tpJvoq33CfejSsx+3sYXR/o6oyAjVHIN+gkWmuxuFQU3ZEAYIxBXQ3ANt06bMqFqSFt9tb7/AGyihr8JMQiqWp02uiMQMy2LKGI3nnkf/fjJYVcGy33ce1+kZlF5rXwyN51NT1qDI+J2Ph6hBqUlawyi99BzCPBTUOHNBt9OoOrI34pNThZhTvZ160b8N5xq8DcEf3ZGt9Ha1+oyNT4C4dbZKlQa3sSrA23A6A26IFsnCbBn/wDpQdq6fEBIGE8iEXIyBCWIK6qSTdvN6bzzjuDuGQA1EFibXBZdbX554NFEoolNSqgvYE3PnXlgsMNUoZgTWpnoL5SOkXtJtbD06m6rfmsUb5zNYfCq7a8xnb/SFO4y9sTFrX2TU3JiXC8xTl5wyEH32nKjgK6G/wBKJ03MXtf2kWledkkea5HUSPCeTha6ji1X/rb85exi22jfy4vv4nwrJ+yPXR/MfweV+Ov9IHP9X8KSdsg/rq9t/B5lpvoiIQiIgIiIGN4S+mPZXwkHC7Nq1fMQkfaOi953+ybV8FTZs7IGbdc67uYHSS5Bm8FwYUa1XzfwroPa28+6T8XsZWVVpkUwt9y3ve2/Ua6b5axKIVTZdFhZqan2W8JCr8HsOQSEINr6H85dTyRcQMODP1jLNthVRuZD7SD4SNU2XXH7BPUQfAyCIDF57bDuvnIw61InImB4xJ4jdk+Ej7Ib6pfb8RkishZSoNiwsCRcAnQEjlhMB9H+pzl8mmZgAWJ1JsNBqTpA7Az3ecxPRgerz9WeDPSwK/bIBVL8j39xlJjn4i2+0/jNDj8HVrZKdAAuW3sbKi2N3blIHMN5I3bxXYjg1Wop5N81QKWY1LWBLnNvsBvNpeI+Y8IdrOxNNGIW3GsbZr8hPKOjplPTxtRU8mtRlQtmygkDNa19PCbrH8BajsWDWBYtfLc68lwd0rcRwHqrcIwI5CwII59ALS4mr3Y22smDR6hLZEIJJuWsSAL8+4TPPt50qrX8oXYghlJIQAg2QAaWHyk2tweqpRRFOfKzFhuvfdbq1lPV2LX1Y0yFAOlwTrpoBv0vMWXW5mevqWKN8Qv/AMfwpJ2x/XV7b+DyHih+sKOmmP7UlxwcwGfEPVPmo7W6XJPgDf2iaZbKIiAiIgIiICIiAiIgIiICIiAnJ6Ct5yKesAzrECC2y6J/dj2XHgZLZQd4B657iBFfA0m3017gPCcH2RRP7JHUx+csYgU77CT9l2HXY/lOB2Ew811PWCPzl/EmCk2bs16dQM2W2UjQ8pt+UtcRRDqVbcRYztEojYTCrTQIg4ovv13m5vPTYZDvRT90TvECBV2RQbzqY98g1eC+Hb9lh1H/ABL2fkD57WolsaFXeXTuCqSe4GbjAYNaS5V5yxPOWNyfl1ASg2Lhc2Mq1CNEVQO0yKPAHvmqgIiICIiAiIgIiICIiAiIgIiICIiAiIgIiICIiAiIgIiICfhn7ECFgMJ5MOTa7NmNuhVUDuX3ybEQEREBERAREQEREBERAREQEREBERAREQEREBERAREQEREBERAREQEREBERA//Z', 11),
(12, 'data:image/jpeg;base64,/9j/4AAQSkZJRgABAQAAAQABAAD/2wCEAAoHCBYVFRgWFBUZGRgaGhkYGhkYGhkcHB8eHBgcGhodHB4cJTAlJR4rHxgYJjgnLi80NTU1HCQ7QDs0Py40NTEBDAwMEA8QGhISHjErJCs0NDQ0NDE/MTQ0NjQ0NDQ0NDQ0NDQ0NDQ0NDQ0MTE0NDQ0NDQ0MTQ0NDQxNDQ0NDQ0NP/AABEIAOEA4QMBIgACEQEDEQH/xAAcAAEAAQUBAQAAAAAAAAAAAAAABQIDBAYHAQj/xAA9EAABAwIDBQUGBQMDBQEAAAABAAIRAyEEEjEFBkFRYSIycYGRE6GxwdHwQlJicuEHI/GSosIUQ3OCsjP/xAAXAQEBAQEAAAAAAAAAAAAAAAAAAQID/8QAHhEBAQEBAQACAwEAAAAAAAAAAAECETEhUQMSQXH/2gAMAwEAAhEDEQA/AOzIiICIiAiIgIiICIiAiIgIiICIiAiIgIiICIiAiIgIiICIiAiIgIiICIiAiIgIiICIiAiIgIiICIiAiIgIiICIiAiIgIiICIiAiIgIiICIiAiIgIiICIiAiIgIiICIiAiIgIiICIiAiIgIiICIiAiIgIixNoYsUaT6rg5zabHPIaJcQ0SYHEwCgykUBhd7sI9od7TLMdlzXB17jsgGfJX27w0HCWvLhMTlc0Ta0uAHHiYKCYRQe0tuGi1z3UpaGyIeySbdmJtAzEnTs6qA2pvSS8tZUbkEg5Q6QWtBdcdogTwA8lnWpJ1rOLq8jdnYhoc1pN3TA8BJV1cTxO0XsPtmV6oeSzLObJlLTmbJvnBFyYzB03hSFDfOpH9x7vGXfJTOuxdY46y+q0akDxICwsRteiwSXg9G3+Flz7D7UZWEseAeMz8wrrGkAl9QFvwHMk9Fen6xvGx9rNr54gZXQBxiOPWQVKLn1FhYw1abZghwylmZxJEOAc4W4yTppKk9yN4H4g1WVT22kO0gCbFo4dmB6qypZxt6IirIiIgIiICIiAiIgIiICIiAiIgIiICt1GAggiQQQRzB1VxEHNsHsynQfUdWax7vauhxbMAHK1natJIkaXdHjiPblL67GMdLntpObJc3NlDcziM2SQSA05e0AbNETW++zhUJYKpY6o2zAWdogEEnM0nLlaAYjQ81p2Gc6hDGvMgD8JYCOEA8IWa3mJ7H0KmIy5nhrOyZcCXkxcuYAGgi1teNoVuhskMnM/M0giA0NN3A3dJOgiNFFVtvEEAEE8R/hXxtuWkhgkRYz6rNzL63Lc3sSTcFTh4IL885s37Q3gBEACOSjNo7F9oWNYGsptnNzvGnMmNSspuPc9st7I5EfNRuKxj8w5xHrpPu81ZmTwurfWDhmCjWfRL6bGE5xUe2TkIPdIi4IykSNZGq26u6hVazIxtT2RFRzskAtaCD3S0PjvFvMCdROhbWqF2Wo0dunLoH4mkdttuYv5K/QrVvYPa18UXx22kMcG6tkxo60gxMjtcFnyne5/xt281N7f7lU2LGtaaZyhzWmMsQSH9t1rgyLiJWNsreCnRrZvY1BZpYTkIDYAe3NMkaxN7iea1al7Sg3PUrOLSGhocwukPa285socBHHnwJWVtLaLnMyvDGAEnN2i5xiIEWDi2AdNDa9mu9nGZZ+t+fl3Sk8OAcDIIBB6G4VxaP/T3bjXsOHcQHU5DJytLmamGTIiRrwPRbwurmIiICIiAiIgIiICIiAiIgIiICIiAiKhxsYug0b+pVAFtNxJbDajcwIF81J7RJB1yEcNfI82oY1xrgTmztLXc22zASLASXR+5dUrPp4ltM4hjXxDgHCwJA4aLJOzGOYWNaA0iIaAB6BYubdddc6kzxyXaMN7rQCOOp9Sq8E5pAc1/ekGRJgE9npHNbq7cZrjNR5f8ApHZb58SqMTug9oAoMABN2zlA6+5aS1DUKkDl9OCjcbimg3cJuA3vEz0F9fgt+wW57LGu4vP5RLWDyFz5kqbZs/D0WTlYxo4nKwepROuV4DYWJqjsUy1p0LzkEHkLngqsXuvUw1Noq0/ajPIyfgnTLMieExxGkLoOI3nwjJDXF5HBjSR6ugehURj9+S0TTpNaPzPcXe5sAeqnEvy1vZe62JeHZfaMYSwNbUAYIbBMtMxcWyg+K2Wruvh2PL69b2ea5YHBrSZFwHXJGUXAGi17GbzYmto98cmDI2PERI8yox2cmSWg87ud68/GU4k+G54LG7Pwxz0GPqPEw6HSJmYdUMgXOg4lVVd/3CQ2k1p5FznkeLWgFae1oHfDnHrefLT0XraDI7BLDwA09PoqN32fv46Yr0bfnZA/2OJPvC2/Z+1aNcTSqNdzGjh4tNwuMAPbqJ6j6KptS4LXaG3CD4qdHc0XK8FvXiKUAvzNHCoM3+7ve9bNs7fam+1VpYfzN7TfMaj3q9RtyLGwuMZUGam9rh+kz68lkqgiIgIiICIiAiIgIiICiN6HvbhK7qbi17abngtMHsDMYPUAjzUurOIpB7HMPdc0tPgRB9xQck2PvGBDK0iLB9z/AK5v/wC3rzW24bFmzmukdDIWnby7qVcLJu+jwqAXb0qAafuFj00UTs/atTDnsmWHVp7p8OR6rP7c9bs78x17D49rtbLE2rvJQw5yuJe/8jIJE6FxNh8ei17ZW2WVR2XQ/iw6+XMdVzvamJe3EVW5jeq+TzGd3paFU8b5j9+KhJbTDGWs1ozvHi53ZHmAtfxL6tU5nEuceL3kkegNugKi8Nim2FhezRAHjMa+fms9j+UnodUFl1Az23OHDs9lp8CJM+ayKdFjfwgnmbn1N163EA2LfGdENMas9JP1WUVueOP8qnLm4Qev3KoNWDDhFp/wjIJ7Mn4euiCosI7wkc2/NC1ru66Pf/KuMq8zBVeVp1AnnAn+UGIHvbYDN1GiqeJuQPvw+qu1WuHUdLH0VgUzw95QetIHD5+5VuPEe76IaBjSecfyvKL+keOvnKC9h8TUYczXkOGhByn1F1sOA35rMhtUB4/V2XeThb1BWsPoA3BLT009D8oRtJ41LXN8DP8AK0OpYDe7D1LOcWO5PFv9QtHjCnqdQOAIIIOhBBB8CFw1rWzZ0HkD8fsLLwm1atE/23ub+1xAPiND5qdR2tFzfA7+1WwKrGvHMdl3ieHuC2nZu9mGrQA/I4/hfb3933q9E+i8XqoIiICIiAiIgoc0EQRINoK0DebcQGamDAB1dRNmn9hPdP6TbwXQl4pZ1ZePnp9NzHEEOY9hgtMtc0/EFR2Oa9zy8nMSZdz0jRd43i3Zo4tsuGWoB2aje8OQP5m9D5QuJU3SBNj92WL3LpOaRzHclm4TG5YB0Hu8Er4Xjofd5qPe0tMOt8FZrrNzYn6eOY/iSRrET5jjysvS7L2i8hv6G289YWvOfFx9x0WVhtpgH+42f1RfzWmU8x7Twnrr8VcJB0KjmYphvoDxBlvnax+7q82vBs2x0dIIPgRb5qcGUQTaM3jb0Kqcxw7pHgTf10VFN8jQwqnsOoPkfqoLIrOBhxIPI2/grIa4HUeYR0kQRPQjT5ei9ZQjjA5D6rQpNj2SCeTj/CDMe80Dob+kK9lDdAqPaxqsinJHG3VeF5Gqqc8HoeStAHjbqdEHpqsfZwBH3x19FSzCgdxx/a6T6HX1lHsERPnZWWtcy+o58PTUILrxFnW8e6fMK8xxFrDwVkYoRf76QrP/AFQtAt8FoTeB2zXo/wD5VHAD8Ni3/SZHuWybO/qG0ENxLI/Uz5td8j5LnVTHNkix8eP0vA8ViPq546fBB9A7N2pRxDc1Go14Bg5TcHk4G4PQrPXPP6TbHdTpVMQ/WsWtaP00y7tR1c9w8Gg8V0NVBERAREQEREHi5nvXuG5uarhAXNuXUtXDiSwnvD9JvynRdMRSzqy8fOucjsuHMeHCL9eBVBpSL3XY96Nz6eKl7Ip1vzR2XdHgemYXHUCFyjaOzquHeWVGFrhwOhH5mnRzevwNlzueOuddQ1XDEXFx7wsZ7ARZTbSHaWKxcRhATIsfcVZpNZ74jsPUezumOnDzGik8NtCJLobpr3fIX92ijn0y0kEQrbWm3Na9c7ONgbjGF3eLPE9h3gVk+1jTX70WuUqkSCJHI3081I4OrMtDWx+U2PlBhUSzcS1wyv0+9OqqDXDuOzD8riJ8j9VgNpi+Q5uYtmH1+KtNxRbx9/yQSwqA8xzBsQqXEHU+Cw245rhDj6EgjzC8yvEljs7fAZvPn92QZrawbZ1jwLuPgdFW6tP+fmo9mJk5XN1EEOFj8lSXwcomLW100Hh7/FZGTXptcNSw8xEeY0WK4mcrnX/C5p18RzVt9TNw9fu6xq1QsBI5T0+9VoZDiQLkSeVh/n7urLa0SRY8f8rHDzEu4xH36q6zCvfYdlvEnU+ClvFktWqjgSCOOgHWFmYbBPdd1geA1/hZuHwbWDr71LbM2bVxDslFhPM6AdXO0Hx5Sp3rczJ63L+mmGysqu4SymBwAa0mB/rC3hQ+7eyf+moimXBzi4vcQIEmBA8AAJ+CmFqeOdva9REVQREQEREBERAUbtbY9LEsyVm5hqCLOaebTwPx4ypJEHE96N06uEJd36U2qAacg8cD10PSYUA2pwf6/eq+hqlMOBDgCCCCDcEHUEclzrercHvVMGLauozp/wCM/wDE+XALGs/Trnf259VpAjmPvRR78MWmW6aQssvcwkGQQSCDzFiCOBlXGvDtbFYlsaslRQVJJGiz62GHgeawqjC039Vua656zYyqGKFi/X818w8eYUgGMqjtd7g5lp6HqoAuvHhdXsPVjQevFaZZOI2cWm7oHAxIVv2z2aPnw+BlZwxOYXuDYg/env8AliVmgdoag3Hl9+iC9UxbnAAjtRp9fGVitquzGXRHn5HjCMl0ayJF+Wt/cvBSLnWub8LT9wp4SdV0qrs0ffNX6tMvs3TiT4/wq8Ls6IzkuP3wCk2UwNB9B4lZunTP4/tiYfAgXNzzPBZlFpcQ1jS4kwIBMnk0C5Kmdh7s1cWZaQ2mDBedLahrdXH0HVdK2Lu/Qwo/ttl8QXuguPSeA6CAklq61M/DVNg7judD8SS0fkB7R/c4d3wF+oW94TCMpNDKbQ1o0DRA++qyEW5JHK6t9eoiKoIiICIiAiIgIiICIiAiIg1berc6ljAXDsVos8Cx5B44jrqPCy5BtfZFbCvLKzSDw5OH5mu4j7MaL6HWDtXZdLEMNOswOafUHmDqCs3PWs64+fPa2gmY4/VHQRcWWzb1bm1cIS9kvo8HgXb0eB/9aHpMLVQC029OB8Oq52OsvWPWwp1asVtvopdvMenFWq1Br+jua1NcZ1mXxGsqFrmxzv8AD5rLc4lw6tEgJT2WXOBLpjgB8ZUvTwob9Sl3P4mfx3+sKjhHOu8x0HwUgykG2Ajpx/hV6aW6nU+AVt9aLD+fVY7a7SSL1hr6D/kVQzPUcGU2lzjZrWAn0A+Kmd3t08Ri4cf7dLXO4d4fpb+Lx068F1HYmwKGFbFJlyIc913O8Ty6CB0Ws5c9b54sbobOfh8JTp1BD+25wkGC57nASOhAU6iLq4vUREBERAREQEREBERAREQEREBERAREQUOaCCCJBtBXO96/6fh01cIADq6jwP7CdP2m3KNF0ZFLOrLY+bqlNzHEOBa5pggghwI1BB+C9DgdfVds3p3TpYxpdGWsB2XjjyDxxb7xw5HkG29jVsK/JWblP4XC7Xjm08fiJXO54651KYd0NEDzOiOqAePM/ILFbUMADVblu7uHVrw/EZqVPUN/7jh4HuDxv04rMz2t3Uka3gMHVxD8lBjnOOscBzcTYDqV0ndvcOnRipiIq1Ncv4GnwPePU26cVtOzNm0sOwMosDG9NSeZJuT1KzV1mZHHW7Reoi0wIiICIiAiIgIiICIiAiIgIiICIiAiIgIiICIiAsLaezaWIYadZgc08DqDzB1B6hZqINX3f3Nw+FdnANSoJh747Im2Vo7IMfiiddAYWzoiLb16iIiCIiAiIgIiICIiAiIgIiICIiAiIgIiICIiAiIgIiICIiAiIgIiICIiAiIgIiICIiAiIgIiICIiAiIgIiICIiAiIgIiICIiAiIgIiICIiAiIgIiICIiAiIg/9k=', 12),
(13, 'data:image/jpeg;base64,/9j/4AAQSkZJRgABAQAAAQABAAD/2wCEAAkGBw8PEhASEA8PEBAQDxUQEA0PDQ8PDQ8NFRUWFhUSFRMYHSggGBolGxMVITEhJSorLi4uGB8zODMsNygtLisBCgoKDg0OGw8QGi8iHyUrKy0tKysvLS0rLS0tLS01Ky0tKystKy0tLS0rLS0tKy0tLSstNystNysrLSsrKysrK//AABEIAOEA4QMBIgACEQEDEQH/xAAbAAEAAgMBAQAAAAAAAAAAAAAABQYCAwQBB//EAD0QAAIBAQQGBgcHAwUAAAAAAAABAgMEESExBQYScXKxIjIzQYHBE0JRYYKRwiNSYnOhstEUQ2MHFSSSov/EABgBAQADAQAAAAAAAAAAAAAAAAABAgME/8QAHxEBAAICAwADAQAAAAAAAAAAAAEDAjIREkEhMVET/9oADAMBAAIRAxEAPwD7iAAAAAAAAAAABx23SVOi9mW1tXX3KN+GKz8GB2AhKmsMfVpyfFJR5XkbbdaqsJRUadO5pvFybwa7/ErOURHMrRjMzwtoKhHXGffZ4vG7Cq4/SzphrfDvoSXDNS5pFf64fq38svxZgV9a22fC+FZXu7qwf1G6OtFkec5x305eV5PfH9V6ZfiaBGw09ZH/AHo+MZR5o6rNbqNV3U6tObSvajNNpe24tGUT6jrMOgAEoAAAAAAAAAAAAAAAAAAAAAAAACt6yL7WP5a/dIshXdY19pH8tc2RKYRFxHaTXSjwy5xJI4NJLpQ4Zc4mVmrSvZw/ybLsDVJczdA5XSwqLq8XmeSXkZVV1eIwqLPwA2JZE7qKvtan5X1RISJPajLp1Py1+4vXtClmsriADtcgAAAAAAAAAAAAAAAAAAAAAAAAV/WNdOHB5ssBA6xrpQ4XzIlMIc4NJdaHDLnEkDg0lnDdP6TKzWWlezilHPeZpZiSz3mbXM5XSwqx6vEYTjizbV9XiMZLyAJeZYdSV06r/BHm/wCCAmsHd7H8ywakLpVuCHORpVtClmsrYADscgAAAAAAAAAAAAAAAAAAAAAAAAQWsS6VPc+aJ0hNYljT3S8iJTCGOHSaxhul9JIHBpTOn8XkZWay0r2cnt3mdxqkud5ticrpY1PV4jx5/I9qZx4vIwkuYGcsvbgyw6kR7bhp/WQMf5LFqWu33w+s0q3hnZrKzAA7HKAAAAAAAAAAAAAAAAAAAAAAAAENrF/b+L6SZIfWH+38XkRJCFOHSecPi5I7yK1ktKoUvTOLlGElFxjdtXzaSz95nnHOLTCeMmqUczZ7SM0dpT+ob2aTitmUr5SXqxcu5e40aK03O0OKVFQUmsXUcrr/AARz9Jb98UzVXV4vJmMlj4ohv93rTq1KahTSp1ZwUuk29mTjfmZWu3V42irSjsbMJRSew9rGMXjj7x0lH9ITKw/Usmpiwrb4/UfONL6RtNO0OlColFU6T7ODe1OnGUsWvbJn07UyldZoSeM53ucu+Vzd2GRpXjMZKZ5xOKdAB0sAAAAAAAAAAAAAAAAAAAAAAAAAiNYFhT3vyJcitP8AVhxPkRIhCP1i0fUtNmqU6aTm502k3croyvZIm2jZ5VFKMc3d33ZFVle0HoOtRwnFRvhKN+1G7GLXma9C6vys+zt1KODXr44Fqjq/VebgvFt8jbHVx99RLdBvzHU5VOGhadOpUqO0Qe3UlO7Yk7tqTd163mNejY3WnV9NUcpyvcVSdyaSWF93sLitWafrVJvcor+SkVbPdJ72Uy+Ex8s7TQsVSo6rjaHNxjFtbEY9GKisG33RL9q5FKhBRvUcblJpyu99xQqNIv8AoBfYQ3E4fZkkQAaqAAAAAAAAAAAAAAAAAAAAAAAABF6f6sOLyZKEZp7qR4/JkSIMkNCdp4EeSGhe08HyIhKfABZAfO6kL2fRCguJnYti0RgXbQa+wp7inqJctDL7GnwkYfacnaADVQAAAAAAAAAAAAAAAAAAAAAAAAI3T3Zx41yZJEdp3s1xrkxIgTv0L2i3PkcB1WCbjJtZpFUrKeNpZu4h5Wib9Z/O4wbLIS07VTWcl4Y8imSptZpk20YeiK5RymPhDJFv0UvsafCQ7scHmvlgyRs9ocIqNyaSuV+fzIxjgmUkDlpW6EpKN90nlG9bzqLoAAAAAAAAAAAAAAAAAAAAAAAACP052fxrzJA4NN9l8SEivmylU2feawVWdsLRF54cjOpWhHrSit8kiMrdWXC+RHQaSWKWBTPPqthh2Ts9I0lk290XzeBzz0t92HjKXkr+ZFKovf8AK7mFU93NmU25NYqh2z0lVfeo8Mf5vOaraZPrTlucnd8sjTUd6xw+RzTtNOOcl89p/oUnOZ9WjGI8Tmr13p6d34ssuoy5FL1RqRqVr1fHYi7lKN23emns7i6HRTqxt2AAasgAAAAAAAAAAAAAAAAAAAAAOHTXZPeuZ3HFpjspb4/uQFdABVZjVV6klm4tLfcQMrXShg8ZLBxSd9/sJ6o7lK7O5/O4hNlYO5XvFu7Ft95hd42q9albJy6lF75XREoV5ZzjD3RV5vpmbyZi1cX9Gnc5OU21f0pPPwOihSjHKKXvSV/zPUsI7v4Mod25ECW1WX/I+GT5FzKZqg767/Lm/wD1EuZ106ue3YABqyAAAAAAAAAAAAAAAAAAAAAA49L9lP4f3I7Dj0t2U/D9yArgMbz28qsxq9WXC+RDJ4ImarwlwvkQkHgvAwu8bVetkFzPW8HuPIHk3g9xi1eLJbvIyWRrlK67h8jODvIExqdjWk/8Uv3QLkVDU5L0tS7up3frEt5106ua3YABqzAAAAAAAAAAAAAAAAAAAAAA5NK9lPcuaOs5dJ9lU4QKwDwFVnlTJ7nyIKnPCO5E5Uye58iApdWO5GF3jan1upSFZ9F7mY0/5Mqj6MuFmDZ5JZbjKn3eBhJ5bjKPd4AT+peNSq/wLmi3FS1IxlVf4Y82W07KtXLbsAA0ZgAAAAAAAAAAAAAAAAAAAAAGABWtao0bJRnaZXxpwadRRjtJRbu2kljhfkiOo1YzjGcXtRnFThJZShJXxkvc0y3W+xUrRTlSrU41ac1dKnNbUZLPFGuejKPo4U1TjCFOKhTjBKKpwSuUYpZJJZZEcJ5Vao8HuZAUurHcuRatJaOnSTfWhc+mu7eu4rFjs86myqcJTd0cIxbuw7/Yc93jer1lTfmeVX0ZbiesGq1aVzqyjTX3V05/pgvmT1j0BZqXqbb+9U6X6ZfoVxqylbK3GFMsuj61a70dOUl9666H/Z4DRNNVdIVLDUTTo0fSzqQmrnL7O6KvX+TP3H0dI0xslJTlUVOmqso7MqqhFVJRWUXLNrBYGsUxH2ym2Z+mqwaOo2dNUobN+bvbk7va2dYBtEcMpnkAAAAAAAAAAAAAAAAAAAAAAAAAAAAAabZTc6dSKzlCUVfle00iu/6e6HtNjoVYWnrztVSpFek9I/RtRUb38ORaAAAAAAAAAAAAAAAAAAAAAAAAAAAAAAAAAAAAAAAAAAAAAAAAAAAAAAAAAAAAAAAf/9k=', 13),
(14, 'data:image/jpeg;base64,/9j/4AAQSkZJRgABAQAAAQABAAD/2wCEAAkGBw8PEhASEA8PEBAQDxUQEA0PDQ8PDQ8NFRUWFhUSFRMYHSggGBolGxMVITEhJSorLi4uGB8zODMsNygtLisBCgoKDg0OGw8QGi8iHyUrKy0tKysvLS0rLS0tLS01Ky0tKystKy0tLS0rLS0tKy0tLSstNystNysrLSsrKysrK//AABEIAOEA4QMBIgACEQEDEQH/xAAbAAEAAgMBAQAAAAAAAAAAAAAABQYCAwQBB//EAD0QAAIBAQQGBgcHAwUAAAAAAAABAgMEESExBQYScXKxIjIzQYHBE0JRYYKRwiNSYnOhstEUQ2MHFSSSov/EABgBAQADAQAAAAAAAAAAAAAAAAABAgME/8QAHxEBAAICAwADAQAAAAAAAAAAAAEDAjIREkEhMVET/9oADAMBAAIRAxEAPwD7iAAAAAAAAAAABx23SVOi9mW1tXX3KN+GKz8GB2AhKmsMfVpyfFJR5XkbbdaqsJRUadO5pvFybwa7/ErOURHMrRjMzwtoKhHXGffZ4vG7Cq4/SzphrfDvoSXDNS5pFf64fq38svxZgV9a22fC+FZXu7qwf1G6OtFkec5x305eV5PfH9V6ZfiaBGw09ZH/AHo+MZR5o6rNbqNV3U6tObSvajNNpe24tGUT6jrMOgAEoAAAAAAAAAAAAAAAAAAAAAAAACt6yL7WP5a/dIshXdY19pH8tc2RKYRFxHaTXSjwy5xJI4NJLpQ4Zc4mVmrSvZw/ybLsDVJczdA5XSwqLq8XmeSXkZVV1eIwqLPwA2JZE7qKvtan5X1RISJPajLp1Py1+4vXtClmsriADtcgAAAAAAAAAAAAAAAAAAAAAAAAV/WNdOHB5ssBA6xrpQ4XzIlMIc4NJdaHDLnEkDg0lnDdP6TKzWWlezilHPeZpZiSz3mbXM5XSwqx6vEYTjizbV9XiMZLyAJeZYdSV06r/BHm/wCCAmsHd7H8ywakLpVuCHORpVtClmsrYADscgAAAAAAAAAAAAAAAAAAAAAAAAQWsS6VPc+aJ0hNYljT3S8iJTCGOHSaxhul9JIHBpTOn8XkZWay0r2cnt3mdxqkud5ticrpY1PV4jx5/I9qZx4vIwkuYGcsvbgyw6kR7bhp/WQMf5LFqWu33w+s0q3hnZrKzAA7HKAAAAAAAAAAAAAAAAAAAAAAAAENrF/b+L6SZIfWH+38XkRJCFOHSecPi5I7yK1ktKoUvTOLlGElFxjdtXzaSz95nnHOLTCeMmqUczZ7SM0dpT+ob2aTitmUr5SXqxcu5e40aK03O0OKVFQUmsXUcrr/AARz9Jb98UzVXV4vJmMlj4ohv93rTq1KahTSp1ZwUuk29mTjfmZWu3V42irSjsbMJRSew9rGMXjj7x0lH9ITKw/Usmpiwrb4/UfONL6RtNO0OlColFU6T7ODe1OnGUsWvbJn07UyldZoSeM53ucu+Vzd2GRpXjMZKZ5xOKdAB0sAAAAAAAAAAAAAAAAAAAAAAAAAiNYFhT3vyJcitP8AVhxPkRIhCP1i0fUtNmqU6aTm502k3croyvZIm2jZ5VFKMc3d33ZFVle0HoOtRwnFRvhKN+1G7GLXma9C6vys+zt1KODXr44Fqjq/VebgvFt8jbHVx99RLdBvzHU5VOGhadOpUqO0Qe3UlO7Yk7tqTd163mNejY3WnV9NUcpyvcVSdyaSWF93sLitWafrVJvcor+SkVbPdJ72Uy+Ex8s7TQsVSo6rjaHNxjFtbEY9GKisG33RL9q5FKhBRvUcblJpyu99xQqNIv8AoBfYQ3E4fZkkQAaqAAAAAAAAAAAAAAAAAAAAAAAABF6f6sOLyZKEZp7qR4/JkSIMkNCdp4EeSGhe08HyIhKfABZAfO6kL2fRCguJnYti0RgXbQa+wp7inqJctDL7GnwkYfacnaADVQAAAAAAAAAAAAAAAAAAAAAAAAI3T3Zx41yZJEdp3s1xrkxIgTv0L2i3PkcB1WCbjJtZpFUrKeNpZu4h5Wib9Z/O4wbLIS07VTWcl4Y8imSptZpk20YeiK5RymPhDJFv0UvsafCQ7scHmvlgyRs9ocIqNyaSuV+fzIxjgmUkDlpW6EpKN90nlG9bzqLoAAAAAAAAAAAAAAAAAAAAAAAACP052fxrzJA4NN9l8SEivmylU2feawVWdsLRF54cjOpWhHrSit8kiMrdWXC+RHQaSWKWBTPPqthh2Ts9I0lk290XzeBzz0t92HjKXkr+ZFKovf8AK7mFU93NmU25NYqh2z0lVfeo8Mf5vOaraZPrTlucnd8sjTUd6xw+RzTtNOOcl89p/oUnOZ9WjGI8Tmr13p6d34ssuoy5FL1RqRqVr1fHYi7lKN23emns7i6HRTqxt2AAasgAAAAAAAAAAAAAAAAAAAAAOHTXZPeuZ3HFpjspb4/uQFdABVZjVV6klm4tLfcQMrXShg8ZLBxSd9/sJ6o7lK7O5/O4hNlYO5XvFu7Ft95hd42q9albJy6lF75XREoV5ZzjD3RV5vpmbyZi1cX9Gnc5OU21f0pPPwOihSjHKKXvSV/zPUsI7v4Mod25ECW1WX/I+GT5FzKZqg767/Lm/wD1EuZ106ue3YABqyAAAAAAAAAAAAAAAAAAAAAA49L9lP4f3I7Dj0t2U/D9yArgMbz28qsxq9WXC+RDJ4ImarwlwvkQkHgvAwu8bVetkFzPW8HuPIHk3g9xi1eLJbvIyWRrlK67h8jODvIExqdjWk/8Uv3QLkVDU5L0tS7up3frEt5106ua3YABqzAAAAAAAAAAAAAAAAAAAAAA5NK9lPcuaOs5dJ9lU4QKwDwFVnlTJ7nyIKnPCO5E5Uye58iApdWO5GF3jan1upSFZ9F7mY0/5Mqj6MuFmDZ5JZbjKn3eBhJ5bjKPd4AT+peNSq/wLmi3FS1IxlVf4Y82W07KtXLbsAA0ZgAAAAAAAAAAAAAAAAAAAAAGABWtao0bJRnaZXxpwadRRjtJRbu2kljhfkiOo1YzjGcXtRnFThJZShJXxkvc0y3W+xUrRTlSrU41ac1dKnNbUZLPFGuejKPo4U1TjCFOKhTjBKKpwSuUYpZJJZZEcJ5Vao8HuZAUurHcuRatJaOnSTfWhc+mu7eu4rFjs86myqcJTd0cIxbuw7/Yc93jer1lTfmeVX0ZbiesGq1aVzqyjTX3V05/pgvmT1j0BZqXqbb+9U6X6ZfoVxqylbK3GFMsuj61a70dOUl9666H/Z4DRNNVdIVLDUTTo0fSzqQmrnL7O6KvX+TP3H0dI0xslJTlUVOmqso7MqqhFVJRWUXLNrBYGsUxH2ym2Z+mqwaOo2dNUobN+bvbk7va2dYBtEcMpnkAAAAAAAAAAAAAAAAAAAAAAAAAAAAAabZTc6dSKzlCUVfle00iu/6e6HtNjoVYWnrztVSpFek9I/RtRUb38ORaAAAAAAAAAAAAAAAAAAAAAAAAAAAAAAAAAAAAAAAAAAAAAAAAAAAAAAAAAAAAAAAf/9k=', 14),
(15, 'data:image/jpeg;base64,/9j/4AAQSkZJRgABAQAAAQABAAD/2wCEAAkGBxAPEBEQDw8NDRANEBARDw8PDw8PDQ8OFREXFxURFRUYHjQgGBolGxUVITEhJSkrLi4uFx8zODUtNygtLisBCgoKDg0OGg8QFS0dHx0rLS0tLSstLSsrKy0tKy0tKy0tLSs3LS0tLTcrKy0wLSsrKy0tLS0wKy0rKysrOC0tK//AABEIAOEA4QMBIgACEQEDEQH/xAAbAAEAAwEBAQEAAAAAAAAAAAAAAwQGAgcBBf/EAD4QAQABAgIDDAcGBgMAAAAAAAABAgMEESExcQUGEjIzQVFzgbLB8BMiYXSxs8IjJEJykdEHNJKhotIUFVL/xAAYAQEBAQEBAAAAAAAAAAAAAAAAAgQDAf/EACARAQEAAgICAgMAAAAAAAAAAAABAjEDMhFBEyESUWH/2gAMAwEAAhEDEQA/APcAAAAAAAAAAAAAAAAAAAAAAAAAAAAAAAAAAAAAAAABV3Q3QtYejh3q6aI5s+NVPRTGuZYndrfZdvRNNnOxbnnz+2qj2zHF2R+qcspHsxtbj/n2eHNv01r0ka6PSU8OJ/LnmsPFL+ufP4YXcNulfsx9leu28uaK54P9Opy+f7+46fF/Xrw85wm/PF0ZRX6K9HPwqeDV+tOUf2fuYXftanKLtm5bmZyzomm5Tqz055SucuNTcLGqH52G3dwtzi3qInorztz/AJP0KaomM4mJieeNMLllR4fQHoAAAAAAAAAAAAAAAAAAAA8d3TxFd2/cquV1XJi5XETVOeVMVzlEdEeyHyNSPFcrc6yvvykjVDI0K9/XMdP+sOpcXZ9b9PhDqJ1OV2uadUpp107Z7sooSTrp2z3Zex6t0vtnEV25zt11256aKqqfg+RzoulXlDfb0MbdvUXPS1zc4FVMUzOWcRNPTzv32Y3i8S9+enutO1YdY4ZbAFpAAAAAAAAAAAAAAAAAAeMYrlbnW3O/KSOLCPE8tc62535SU8WOxjaFTFTlM+z/AFh3HM5xMetPn8MOo5nO7dJp1T4pp41Pb3ZRRGn9Es8ant7sgtwiTRCKVJbXeLxL356e607MbxuJe/PT3Wna+PrGfLYAtIAAAAAAAAAAAAAAAAADxjE8tc62535S08WOxFiuWudbc78padTH7aFXEcafP4YdRzbXOI43n/zDulzu3Sad0xqSfip8/hlHSmmPWp2/SR4tUosvimpR8H4+KnjZ7xuTvdZT3WmZrePyd7rI7rStfH1jPlsAWkAAAAAAAAAAAAAAAAAB4viuWu9dc78pqdSHFcvd6678yU1Opj9tCriON56Id0RoRYmfW7fCE1tzu3SaSUJp41O2fgjoTfijzzEeLNLj9/F3T4PkrS1+8jk73WR3WlZreRyd7rI7sNK1cfWOGWwBaQAAAAAAAAAAAAAAAAAHi2K5e91975lSajUr4mft7/vF/wCbUmonQxe2hUxk6e3whYtalTHT0f8AqPgt2NUbEXbpNJqVvEVWqbOGv0zVPD9JF63wqZrpqt1TTo0aM40xnmqPl6j7vbiM5qmu5PByjKIznL26VY+030/Z3QsU27ldFFXpKKcuDVnE50zGcaY5+bsVskl6IzmImaoimmM5iImfV9iNeU8WxM0128fk73WR3IaVmt4/J3esjuQ0rRx9Y45bAFpAAAAAAAAAAAAAAAAAAeJ4vl7/ALxe+ZKamdCDGz94v+8XvmylidDF7aUF+nOZ2+EJsPqjYguzpnb4QsYfm2Qi7XNJqY1e2U0Rpp88yGmdW1PE6afPM9jxZo/Zzm6p/ZxHitLY7x+Su9b9MNIzW8bkrvW/RDStPH1jhlsAWkAAAAAAAAAAAAAAAAAB4jjv5i/7zf8Am1JadSHH/wAxiPeb/wA2pLTqYvbSr3dfb4Qs2PCFW9xu3whas6uxF2uaTUc21PGunb4K9E6tqbPTT55nseLdM6P0fJI1Oc9W2PgpLY7xeSu9b9ENKzW8bkrvW/RS0rVx9Y4ZbAFpAAAAAAAAAAAAAAAAAAeJbo/zOI95v/NqdxqfN0o+8Yj3m/8ANqfadTJWhWu8bt8IWbOrsQXeN2/TCe14Q53bpNJKObbKenXT55kFPNtSxOmPPMR4txOtz+8fB9ifPY5mdW1Txtd43I3eu+ilpGa3i8jd676KWlauPrGfLYAtIAAAAAAAAAAAAAAAAADxXdXRicR7zf8Am1PlE6DdefvOI95v/NqcUToZK0Rxc1z7P2hYt6uyEEa6uzuwsRGTndrfY5tqSJ9anb4Ic9MO4n1qdvgC7TPnsc56tpS5idW1TxuN4nI3eun5dLSs1vE5C718/LoaVq4+sZ8tgC0gAAAAAAAAAAAAAAAAAPE92Z+84j3m/wDNqRUT6sNp/EvcXKzGKwuFrvX4vUReosU1VV3LVecTVFFOuqKpp09GefTGQv4G9Zpo9NZu2PSRnTFynKdm32M2eNjvjlLEVOurs7qxVOrs+CvZ11bafgnnVHnmca6R8idMdrrP16dvg+YS1XdnK3RXcmJnRRTVXOvoh+3hN6eMuVUz6KLUROu7VFP9ozn+ypjbqFsm1GmdHnpcROra2OE3k6Ptb8+2LdOX+VX7Mt/Ebe3jLVzCf9ZaxN21V6SL8WeDVd9LHBmiaqqtFNMxn0RonPXDpOLJzvJGz3hz9hd6+fl0NKobhUXacNYi/RbtX/RUTeot8GKIu8GOFlwdGvo0L7RjPE8ONvm+QB68AAAAAAAAAAAAAAAAAAEOLwtu9RNu7RTcoq101RnG32T7UwDxr+JeC/6qqx/x9NOMquetfzqt2OBFOVPq6as+FP8ATztpvEwOExWBw+KnD0VV3KJ4c1xXVRVXRVNFVdNNczlTM0zMa9Explpt0dzLGJimnEWLOIpt1xcopvW6blNNyM8qoiqNE6Z/VZt26aYimmmKaaYypppiIpiOiIjUmYYz0r8r+y3bppjKmmmmI1RTEREdkOgUkAAAAAAAAAAAAAAAAAAAAAAAAAAAAAAAAAAAAAAAAAAAAAAAAAAAAAAAAAAAAAAAAAAAAAAAAAB//9k=', 15),
(16, 'data:image/jpeg;base64,/9j/4AAQSkZJRgABAQAAAQABAAD/2wCEAAoHCBUWFRgVEhIYGBgaGRgYGBkYHBgYGBgYGhocGRgYGBgcIS4lHCErIRgYJjgmKz0xNTU1GiQ7QDszPy40NTEBDAwMEA8QHBISHjEsISQxNDQ0NDQ0NDE0NDQ0NDE0NDQ0NDY0NDQ0NDQ0MTQ0NDQxNDQ0NDE0MTQ0NDE0NDQ0NP/AABEIAOwA1QMBIgACEQEDEQH/xAAcAAEAAgIDAQAAAAAAAAAAAAAABAUDBgECBwj/xABFEAACAQIDAgsFBQUHBAMAAAABAgADEQQSIQUxBiIyQVFhcXKBkbETgqHB0SMzQrLwBxRSwuEkU2KSoqPxFVR0wyU0Nf/EABkBAQADAQEAAAAAAAAAAAAAAAABAgMEBf/EACMRAQEAAgICAwACAwAAAAAAAAABAhEDMRJBITJRBGETIpH/2gAMAwEAAhEDEQA/APZoiICIiAiJFxGLVSBqWO5V1J8PA+RgSokFsTUAv7E26mBPla/hKDE8O8JTqtSq+0UKBmqZC1NW3lXZSSpFxe4A1tvBgbbEo8NwtwDkBMdhyTuHtEBPgTeXCVAwupBB3EEEeYgZIiICIiAiIgIiICIiAiIgIiICIiAiIgIiICIiBGxdYqvFF2JsB1npnGFwwQXJzMeUx3k/T6Tmry0HePpJMBNN4R8BaOIZq9B2w+IOpqU9zHpdRa513ix6bzcogfNG2sF7Gs9LaVBkc2y1KWVFcC93CkFKl7i/JOgub3vgw2BrJxsFiiw32pO1CsBvJKXGa3SpafRm2ti0MVTNLE0g6ndfep6Vbep7J55sr9kwpYwO1cPhlOYUyOOzA3VW5soOpO82tz3gb9wVSsuDw4xDM1X2SmoWN2zEXIY85F7X6pbxEBERAREQEREBERAREQEREBERAREQEREBERAh1z9rT7r/AMsmSBiD9vSH+Gp/LJ8BERAREQETznhtwuxmGxPsaXslQojqXpu7HNmB1FRRvUi1prlXh3tLnqoo6RhwN/ecwPaInih4XbQOv7646lpYZfVGMxDhPjm34yv/ALA/LSEnxq3jXuETwxNuYwsP7XiC34bNmu/4QUAAbXm+E9m2RjhXo06oFs6KxH8LW4ynrBuPCQizSdETi8IcxEQEREBERAREQEREDiIlbtSsylcpI0O7wkW6iZNrKJqj4tybZz5mGYneT5yvmt4VcYlv7RS10yVf5P6yccQv8a+YmltTy1t9wUuO25B/l85LoCVvJr0mcf8AbbFcEXBBHSNZ2kPZf3a+9+YyZNJdzalmq5iIkoec/tZ2fdKGIA1V2ptb+FxmUnsZLe/PP2Z3tfWwsN5IA5hc7p7dwowHt8LVp2ucuZR0shDrrzaqJ4mmLpGxXMvPrr6TXCTKfK+Ext/2SMHSJ5pNTZ7dGgkLD45QwJYdu7z6ZfptmgELMbAaEfiuNwHTeTljp2eOEnbX8VQK2INiDp03HOD2z0n9nOLBpVKF2Ps2zrntmy1Lk5raXzhz7wnl+J2pmYsF7B0DmEybH4QYqhVzYYI1R19mqOCUYsykDlLxrgAG/PM7I5+Xwk+L8vf5qbUqlLFVQoco49qpAJAYgi2bmOYNp0ESFwT2/tGtWVMXhkp0ypLECzK1rgcs6aHml3wi2smH9m9TNlYlbqAddCL6joMifn6wkts12m7Ex4r0UqrezZt+h0Yrr5SxmtcF9oYc/YYUOFVWazXIGZr7ySd5M2WRqT4hqz7duYiICIiAiIgIiICVG2d69h+Ut5VbY3r2GVy6Wx7a+zWcjs8tDMxqAG3SZ0roM1+m3rO4QXBtzzJs64tNUbnGYX7Rf+Wc0tOaR9vg/u7ld6lG8A65v9JM8yobb2i7Wp0cuuhCMuna7Rcdol0942X92vvfmMmTU8FtKqEAvb3Rz6yG3CrlZmcZSwPIB4pIJyg3tpfsmkskU8LlbpvE6swmk4bhNQqae2e55iV9L3mWrUpnUZ28GMtvauWFx7ja6mMpryqijtYCeCbe2fkxNZKfGQOShBFslTjpY9Fjb3Z6JUo5jxUcDs+V5X43g61Q5hRzGwF3RjoCxAsrD+IxuxGpXnpwr7ituskAecPT1s1VNN3Hv5Df/wAzZtocDkUgPRysRmGWo6G269mDDp55XDgjSvr+9W71Jh8NfhHmnxqmdUG+qPBWPynbPSHIqOXGqmyKAwPFOr9NpslHgfg7BitQm50ZcQD23AC/GWOF2BhkN0wrNbddUt/re8eU/UeNZ8NilZEtU4wyllL5egkXvfq6POXlXFA1kemoygagG9zuPJ0kWjhWH3eEUdrKv5UMkrQxB3LTTtzN81kXKfq2r+LFtpuSMvE7vP23mRdrVh+IHtA+UrDhqw1qVkUdSgfmJmQ1KY5VVD2EH0keU/U+P9I+G4XV8zLlp1NWACcUgDdqxsdJYUeFjah8O4sL8n0YMQTK04rDKb5yT1K3racf9UpfhpufIfORM5JqrZ4bu58L/B8KUdspoVV36kC3rLJNsUj+IjtVvkJqX/UNNKQ8W/pMFTaVTWyIPAk+d4vLFZx1vaY2md1RfO3rJCkHUTRMHimcAlvIATdsLyF7o9JOOXkrlj4s8REuq4lVtjevYZayq2xvXsMrl0tj2pH5X66ZlQa+MxNv8vWZUOvjMmruy3DL0gzWsNtTDNbjlD0OrD42t8ZsinjTRQUOLbDDRs7gaXsBdr27Ig2rDV0f7uqj91lPoTOa2EzaMAZquJ4FVGIZGpsQdLllNv8AKZLo7HxtLks5A3BWLjybQS2r+I3P1aHg2mYMEAIIII4pBBuCCOyW2HwtRXR2e+QkgNlsbqy6lRc8onfvt0TVsT+9E8atWHVcqL+6RIhwDtqzF+m7E/mkdLbuXdehPtMjfUpp5fMyO21x/wBxfW3FA37/AMIM1PDYMqOTbwk6ggDDvD8src6iYRZ496ZZTUzuxW47tz2W1vMJqUhyaN+8f+ZKq0s2XuL85x+4udyMfAyLbtMk0g1doFbZKKDXn1+QiptCtuGUdi/W8mtsSsw5IGt9SBJNHg9Uy2d0B57XPloJOsr6PLGKf29U76h8LD0mHI5bV2PazH5zaqfB9fxOT2AD1vMybDpA3OY9p+knwyR54tG2hhwAptzn0Mx4emCun6tpL3beGVahUCygiw370139sr8Ph7X69ZnZqtJdxDNDqnZaclOm+cEQMyJpMT05JQaRlhDFgaeXxN5vmG5K91fSaYi2tNzw3JXur6TXi9suT0zRETZkSp2xvXsMtpU7Y3r2GVy6Wx7UjHWZE3+MxPvmWnv8Zk3diNf11zTzs7Ltt6nM2GSp7xtR/wDW3nNyI1kPE0R7RKluMUyE9QbMB5s0nDtTLpYUlkykN0i05Oww4wnQwqo4c4zJRRQeM7/BVJPxyzVTVLbMxFVic6Crkf8AGuUi2Vt4tJf7ScTfE4emDyaVVyO+yhT/ALbSElJl2RicwtdarDsOW3ZI/kY64JZ3bP8AinHlf8l/NNIo7PxJrVFqVDmpKlVw9QtxTc6EFgzWt9Z6gicb3h6WmnvU/teNtTb/AOrTvqnFt+MgMNNbWF+sTckOvjOfl9Orj9ts2PyPEeglhIGxuR4/ISfNceoyvbmIiWQREQNU22v2rdo/IJARdJO2yw9q9+kflEihdJzZfaujH6xGYb5gG4SQ8jINB5eWkqslruicqNJxCGVZuOG5C90ek05ZuOG5C90ek14vbPk9M0RE2ZEqdr717DLaVG2OUO6fWVy6Wx7Urj5esyU9/iZ1b9ec7Upk3djzzpiF4gP8LA/L5zLzzhlujjqv5axj8VXKfCRT5pY4Jdewf0lZhzovYJbYEbz2CdDnryrhniM+06g/u6aU/wDT7Q/FzLXGL/8AE1gP7l/Mi/zmoYrEGpjsS5/FUq2v0K2Vfgom4bU4uyqi781Bj0WuJ0c9xw48NuXH5zrVXxqfvmKJqU+NRoopBSzPfclmNzcAWuSAdd1pvCnjeInjmFP2x7KX50nrwOvvL8Z5/J6ejx+257H+78R6CWErtjfd+I9BLGa49Rll3XMREsgiIgant37xv1+ESHTJy2PN+hJ22vvG7fkBIk5cu66MfrEd+eRh/MfW/wA5KaRCeNbr+QkLRMSdQZ2SYHBLC3V5QhLXmm44bkL3R6TTddPCblhuQvdHpNeL2z5PTNERNmRKjbHKHdPrLeU22eUvd+crl0tj2qWnanzfrmnVt87Uub9c0xbu/OZ2pbx4j4TrzmAdRIVZMJut0G0tDXCUXqHQKrvckAcUE6k7t01iv7dKjmnUBQtmCOtwLgXylbMNb77yXicc1TD1KTUwuZCpObNo2h4uXrM3mcZXGvJsM327E5blQTlylcxRC1ivFPGJ3Teds/8A5j/+K3oZXJsKkrXVQDusCR8JfNhXel7I0yUyZMpAsV6Dm3yf5fLOTDGT1dsseHLHK39eL4Jyay7rs1Nbe8N3kJ7Mq8bxHwmLDcHsg0VKa+A9Bb4yYi0lNjWzHoQX+IvOfLLbqwni2nYf3fl6CWUrdhkez4u7S3ZYWllN8frGOXbmIiWQREQNU20ftG7R6CRRumfa4+1bvD0H0mDmnLl3XTPrEdpWlznud27xuf6Syc75BFO669JPxkJidRYWnA5XhMOEBsQZlQcY9kCR0eE3HC8he6vpNPPNNwwvIXur6TXi9suT0zRETZkSn2zyl7PnLiU22eUvZ85XLpbHtUtvnNOcOZzTExbsnPOOcRzmdb6jxkDW+F1atTrJUpVGUOmUroyEoxNyhuL2cC+/QTBs/hS9yK1FX03oSoPapv8Armlnwtp5qCP/AAPbwYH5hZqFDlbpOyRsb8J6m6nRRB4sfhaQm2xiXPGqkDoQBPiBeR0SZaNOVtWkiXQpliCxLHpJJPmZMRQG06ROlCdl1fxX6ytG7bA+6HYPyiWkq9gfdDw/KJaTqw+scuXbmIiWQREQNP2032p730EwtunG3W+0fvfSdC2k5cu66Z1GB23+Mj4d7i3bb/MZlrHQ+MxYYcXxPqZCyVTnCDU+fpCzorWaBMPNNxwvIXur6TTuibjheQvdX0mvF7Y8npmiImzIlNtjlr3fnLmUm2jxh3fmZXLpbHtVuYQzG7TlDMa3Zb6zpfUdh+U5J1MxX18JUdNrU8+Gqr0KHHukMfSaJT5XhPRaS5syHcysp8RaeZpUAcqxYkaELzEb9T4yU4z5WlIzLRb1+n1kChieNYeF9fiJMwzdVtd0rVtaW1ETKujDrP8AxMOHMzMNV7w9YQ3PYP3Y938olpKzYP3fl6CWc6cfrHLl25iIlkEREDXdqbBZ2Lo41N8pv6ysr4Kog46G1t41HmJukTO8cvyvM7HnNY6HxnFE8Wb1i9mUqnLQE9I0PmJVVeDQA+zcjqbX4iUvHY0nJL2oKbaTrSN2IPVJ9XZVZAbpcdK8YfWV4Fn7f19JnZZ2vLL0nDm7ZuOG5C91fSaYN47ZueG5C91fSa8Xtly+maIibMnEodvPZ17vzMvprnCI8de78zKcnS+HarZtZ3pPraR76zmkeNOfbdJJ1nXn8PnBOs4U8bwgZ6B44nm20xkx1emLi1Qsuu4VLOunvieirvnn/D/ZbPtKj7MgNXp0wpOi5lZlN7A7lCS+E38LYcs48t5TcZdvVAjZg1yEGW50zW5h5Sh2fwnCufa0yFJ0K627Rz+HlNvP7PEVPa47HNlAJOULTRbf4mJ038w3TVtmfuDOyiwOYhTV3ML2UqzaDm32MvljJPlHJzzks8ZrTd8HUDKCDodfAyVl3do9RI2GohQAJKA9ZiRuGwvu/L0Es5V7B5Hl6CWk6cfrHNl3XMREsqREQEREBERA4kbEYNH5aKeu2vgd4kqJFmxTVthqdUYr1HjD6y1pJYAdAA8p3nMSSdJtt7IiJKHEoNv4N2YOi5gFsQNTvJ3eMv4lcpuaTLq7efs2p6hO1B7mbfjtl06t8ws1rZhofHp8ZQVtjvTNxxlHOo18RMcsLG2OcqNfWdA3H8PrO3PMdYcYHoHpeUaJKTU/2l4RnTC1aYcsjunEzZhnUMCCuot7M69c2tGvOz0c6FbXIcMObqPzlsbqqZTceUJsDF1gA+cKDmHtqjvYnewW5sT02BljheAy6e0qFukKMo8zcn4T0ZcF/EwHUuszpg0H4b9ba/DdJuVVmMUmFwtgFUE2AAABNgNBJ6YJzvsO03PwliTb+mkZpT4afKz2ItkI6x6SzlbsTkHtHpLKdOP1jmy7cxESyCIiAiIgIiICIiAiIgIiICIiAiIgV2M2Wj62yt0jn7RzyixWzXQksLrblLu8Rzb5tsWlMsJVsc7GkYdLCw6ZMwe4+EucVspGuU4p6tx8PpIFPZtQZltvtYg6ecyuFjWZyxiLgToz33Syo7Itym8tfiZOpYJF3KL9J1icdpeTGdKOlh3bkqbfrnOkmUtkk6s1uzU+MuLTmaTjk7UvJaj4XDBBlBJ7ZJiJeTTMiIkhERAREQEREBERAREQEREBERAREQEREBERAREQEREBERAREQEREBERAREQEREBERAREQP/2Q==', 16),
(17, 'data:image/jpeg;base64,/9j/4AAQSkZJRgABAQAAAQABAAD/2wCEAAoHCBUWFRgVEhIYGBgaGRgYGBkYHBgYGBgYGhocGRgYGBgcIS4lHCErIRgYJjgmKz0xNTU1GiQ7QDszPy40NTEBDAwMEA8QHBISHjEsISQxNDQ0NDQ0NDE0NDQ0NDE0NDQ0NDY0NDQ0NDQ0MTQ0NDQxNDQ0NDE0MTQ0NDE0NDQ0NP/AABEIAOwA1QMBIgACEQEDEQH/xAAcAAEAAgIDAQAAAAAAAAAAAAAABAUDBgECBwj/xABFEAACAQIDAgsFBQUHBAMAAAABAgADEQQSIQUxBiIyQVFhcXKBkbETgqHB0SMzQrLwBxRSwuEkU2KSoqPxFVR0wyU0Nf/EABkBAQADAQEAAAAAAAAAAAAAAAABAgMEBf/EACMRAQEAAgICAwACAwAAAAAAAAABAhEDMRJBITJRBGETIpH/2gAMAwEAAhEDEQA/APZoiICIiAiJFxGLVSBqWO5V1J8PA+RgSokFsTUAv7E26mBPla/hKDE8O8JTqtSq+0UKBmqZC1NW3lXZSSpFxe4A1tvBgbbEo8NwtwDkBMdhyTuHtEBPgTeXCVAwupBB3EEEeYgZIiICIiAiIgIiICIiAiIgIiICIiAiIgIiICIiBGxdYqvFF2JsB1npnGFwwQXJzMeUx3k/T6Tmry0HePpJMBNN4R8BaOIZq9B2w+IOpqU9zHpdRa513ix6bzcogfNG2sF7Gs9LaVBkc2y1KWVFcC93CkFKl7i/JOgub3vgw2BrJxsFiiw32pO1CsBvJKXGa3SpafRm2ti0MVTNLE0g6ndfep6Vbep7J55sr9kwpYwO1cPhlOYUyOOzA3VW5soOpO82tz3gb9wVSsuDw4xDM1X2SmoWN2zEXIY85F7X6pbxEBERAREQEREBERAREQEREBERAREQEREBERAh1z9rT7r/AMsmSBiD9vSH+Gp/LJ8BERAREQETznhtwuxmGxPsaXslQojqXpu7HNmB1FRRvUi1prlXh3tLnqoo6RhwN/ecwPaInih4XbQOv7646lpYZfVGMxDhPjm34yv/ALA/LSEnxq3jXuETwxNuYwsP7XiC34bNmu/4QUAAbXm+E9m2RjhXo06oFs6KxH8LW4ynrBuPCQizSdETi8IcxEQEREBERAREQEREDiIlbtSsylcpI0O7wkW6iZNrKJqj4tybZz5mGYneT5yvmt4VcYlv7RS10yVf5P6yccQv8a+YmltTy1t9wUuO25B/l85LoCVvJr0mcf8AbbFcEXBBHSNZ2kPZf3a+9+YyZNJdzalmq5iIkoec/tZ2fdKGIA1V2ptb+FxmUnsZLe/PP2Z3tfWwsN5IA5hc7p7dwowHt8LVp2ucuZR0shDrrzaqJ4mmLpGxXMvPrr6TXCTKfK+Ext/2SMHSJ5pNTZ7dGgkLD45QwJYdu7z6ZfptmgELMbAaEfiuNwHTeTljp2eOEnbX8VQK2INiDp03HOD2z0n9nOLBpVKF2Ps2zrntmy1Lk5raXzhz7wnl+J2pmYsF7B0DmEybH4QYqhVzYYI1R19mqOCUYsykDlLxrgAG/PM7I5+Xwk+L8vf5qbUqlLFVQoco49qpAJAYgi2bmOYNp0ESFwT2/tGtWVMXhkp0ypLECzK1rgcs6aHml3wi2smH9m9TNlYlbqAddCL6joMifn6wkts12m7Ex4r0UqrezZt+h0Yrr5SxmtcF9oYc/YYUOFVWazXIGZr7ySd5M2WRqT4hqz7duYiICIiAiIgIiICVG2d69h+Ut5VbY3r2GVy6Wx7a+zWcjs8tDMxqAG3SZ0roM1+m3rO4QXBtzzJs64tNUbnGYX7Rf+Wc0tOaR9vg/u7ld6lG8A65v9JM8yobb2i7Wp0cuuhCMuna7Rcdol0942X92vvfmMmTU8FtKqEAvb3Rz6yG3CrlZmcZSwPIB4pIJyg3tpfsmkskU8LlbpvE6swmk4bhNQqae2e55iV9L3mWrUpnUZ28GMtvauWFx7ja6mMpryqijtYCeCbe2fkxNZKfGQOShBFslTjpY9Fjb3Z6JUo5jxUcDs+V5X43g61Q5hRzGwF3RjoCxAsrD+IxuxGpXnpwr7ituskAecPT1s1VNN3Hv5Df/wAzZtocDkUgPRysRmGWo6G269mDDp55XDgjSvr+9W71Jh8NfhHmnxqmdUG+qPBWPynbPSHIqOXGqmyKAwPFOr9NpslHgfg7BitQm50ZcQD23AC/GWOF2BhkN0wrNbddUt/re8eU/UeNZ8NilZEtU4wyllL5egkXvfq6POXlXFA1kemoygagG9zuPJ0kWjhWH3eEUdrKv5UMkrQxB3LTTtzN81kXKfq2r+LFtpuSMvE7vP23mRdrVh+IHtA+UrDhqw1qVkUdSgfmJmQ1KY5VVD2EH0keU/U+P9I+G4XV8zLlp1NWACcUgDdqxsdJYUeFjah8O4sL8n0YMQTK04rDKb5yT1K3racf9UpfhpufIfORM5JqrZ4bu58L/B8KUdspoVV36kC3rLJNsUj+IjtVvkJqX/UNNKQ8W/pMFTaVTWyIPAk+d4vLFZx1vaY2md1RfO3rJCkHUTRMHimcAlvIATdsLyF7o9JOOXkrlj4s8REuq4lVtjevYZayq2xvXsMrl0tj2pH5X66ZlQa+MxNv8vWZUOvjMmruy3DL0gzWsNtTDNbjlD0OrD42t8ZsinjTRQUOLbDDRs7gaXsBdr27Ig2rDV0f7uqj91lPoTOa2EzaMAZquJ4FVGIZGpsQdLllNv8AKZLo7HxtLks5A3BWLjybQS2r+I3P1aHg2mYMEAIIII4pBBuCCOyW2HwtRXR2e+QkgNlsbqy6lRc8onfvt0TVsT+9E8atWHVcqL+6RIhwDtqzF+m7E/mkdLbuXdehPtMjfUpp5fMyO21x/wBxfW3FA37/AMIM1PDYMqOTbwk6ggDDvD8src6iYRZ496ZZTUzuxW47tz2W1vMJqUhyaN+8f+ZKq0s2XuL85x+4udyMfAyLbtMk0g1doFbZKKDXn1+QiptCtuGUdi/W8mtsSsw5IGt9SBJNHg9Uy2d0B57XPloJOsr6PLGKf29U76h8LD0mHI5bV2PazH5zaqfB9fxOT2AD1vMybDpA3OY9p+knwyR54tG2hhwAptzn0Mx4emCun6tpL3beGVahUCygiw370139sr8Ph7X69ZnZqtJdxDNDqnZaclOm+cEQMyJpMT05JQaRlhDFgaeXxN5vmG5K91fSaYi2tNzw3JXur6TXi9suT0zRETZkSp2xvXsMtpU7Y3r2GVy6Wx7UjHWZE3+MxPvmWnv8Zk3diNf11zTzs7Ltt6nM2GSp7xtR/wDW3nNyI1kPE0R7RKluMUyE9QbMB5s0nDtTLpYUlkykN0i05Oww4wnQwqo4c4zJRRQeM7/BVJPxyzVTVLbMxFVic6Crkf8AGuUi2Vt4tJf7ScTfE4emDyaVVyO+yhT/ALbSElJl2RicwtdarDsOW3ZI/kY64JZ3bP8AinHlf8l/NNIo7PxJrVFqVDmpKlVw9QtxTc6EFgzWt9Z6gicb3h6WmnvU/teNtTb/AOrTvqnFt+MgMNNbWF+sTckOvjOfl9Orj9ts2PyPEeglhIGxuR4/ISfNceoyvbmIiWQREQNU22v2rdo/IJARdJO2yw9q9+kflEihdJzZfaujH6xGYb5gG4SQ8jINB5eWkqslruicqNJxCGVZuOG5C90ek05ZuOG5C90ek14vbPk9M0RE2ZEqdr717DLaVG2OUO6fWVy6Wx7Urj5esyU9/iZ1b9ec7Upk3djzzpiF4gP8LA/L5zLzzhlujjqv5axj8VXKfCRT5pY4Jdewf0lZhzovYJbYEbz2CdDnryrhniM+06g/u6aU/wDT7Q/FzLXGL/8AE1gP7l/Mi/zmoYrEGpjsS5/FUq2v0K2Vfgom4bU4uyqi781Bj0WuJ0c9xw48NuXH5zrVXxqfvmKJqU+NRoopBSzPfclmNzcAWuSAdd1pvCnjeInjmFP2x7KX50nrwOvvL8Z5/J6ejx+257H+78R6CWErtjfd+I9BLGa49Rll3XMREsgiIgant37xv1+ESHTJy2PN+hJ22vvG7fkBIk5cu66MfrEd+eRh/MfW/wA5KaRCeNbr+QkLRMSdQZ2SYHBLC3V5QhLXmm44bkL3R6TTddPCblhuQvdHpNeL2z5PTNERNmRKjbHKHdPrLeU22eUvd+crl0tj2qWnanzfrmnVt87Uub9c0xbu/OZ2pbx4j4TrzmAdRIVZMJut0G0tDXCUXqHQKrvckAcUE6k7t01iv7dKjmnUBQtmCOtwLgXylbMNb77yXicc1TD1KTUwuZCpObNo2h4uXrM3mcZXGvJsM327E5blQTlylcxRC1ivFPGJ3Teds/8A5j/+K3oZXJsKkrXVQDusCR8JfNhXel7I0yUyZMpAsV6Dm3yf5fLOTDGT1dsseHLHK39eL4Jyay7rs1Nbe8N3kJ7Mq8bxHwmLDcHsg0VKa+A9Bb4yYi0lNjWzHoQX+IvOfLLbqwni2nYf3fl6CWUrdhkez4u7S3ZYWllN8frGOXbmIiWQREQNU20ftG7R6CRRumfa4+1bvD0H0mDmnLl3XTPrEdpWlznud27xuf6Syc75BFO669JPxkJidRYWnA5XhMOEBsQZlQcY9kCR0eE3HC8he6vpNPPNNwwvIXur6TXi9suT0zRETZkSn2zyl7PnLiU22eUvZ85XLpbHtUtvnNOcOZzTExbsnPOOcRzmdb6jxkDW+F1atTrJUpVGUOmUroyEoxNyhuL2cC+/QTBs/hS9yK1FX03oSoPapv8Armlnwtp5qCP/AAPbwYH5hZqFDlbpOyRsb8J6m6nRRB4sfhaQm2xiXPGqkDoQBPiBeR0SZaNOVtWkiXQpliCxLHpJJPmZMRQG06ROlCdl1fxX6ytG7bA+6HYPyiWkq9gfdDw/KJaTqw+scuXbmIiWQREQNP2032p730EwtunG3W+0fvfSdC2k5cu66Z1GB23+Mj4d7i3bb/MZlrHQ+MxYYcXxPqZCyVTnCDU+fpCzorWaBMPNNxwvIXur6TTuibjheQvdX0mvF7Y8npmiImzIlNtjlr3fnLmUm2jxh3fmZXLpbHtVuYQzG7TlDMa3Zb6zpfUdh+U5J1MxX18JUdNrU8+Gqr0KHHukMfSaJT5XhPRaS5syHcysp8RaeZpUAcqxYkaELzEb9T4yU4z5WlIzLRb1+n1kChieNYeF9fiJMwzdVtd0rVtaW1ETKujDrP8AxMOHMzMNV7w9YQ3PYP3Y938olpKzYP3fl6CWc6cfrHLl25iIlkEREDXdqbBZ2Lo41N8pv6ysr4Kog46G1t41HmJukTO8cvyvM7HnNY6HxnFE8Wb1i9mUqnLQE9I0PmJVVeDQA+zcjqbX4iUvHY0nJL2oKbaTrSN2IPVJ9XZVZAbpcdK8YfWV4Fn7f19JnZZ2vLL0nDm7ZuOG5C91fSaYN47ZueG5C91fSa8Xtly+maIibMnEodvPZ17vzMvprnCI8de78zKcnS+HarZtZ3pPraR76zmkeNOfbdJJ1nXn8PnBOs4U8bwgZ6B44nm20xkx1emLi1Qsuu4VLOunvieirvnn/D/ZbPtKj7MgNXp0wpOi5lZlN7A7lCS+E38LYcs48t5TcZdvVAjZg1yEGW50zW5h5Sh2fwnCufa0yFJ0K627Rz+HlNvP7PEVPa47HNlAJOULTRbf4mJ038w3TVtmfuDOyiwOYhTV3ML2UqzaDm32MvljJPlHJzzks8ZrTd8HUDKCDodfAyVl3do9RI2GohQAJKA9ZiRuGwvu/L0Es5V7B5Hl6CWk6cfrHNl3XMREsqREQEREBERA4kbEYNH5aKeu2vgd4kqJFmxTVthqdUYr1HjD6y1pJYAdAA8p3nMSSdJtt7IiJKHEoNv4N2YOi5gFsQNTvJ3eMv4lcpuaTLq7efs2p6hO1B7mbfjtl06t8ws1rZhofHp8ZQVtjvTNxxlHOo18RMcsLG2OcqNfWdA3H8PrO3PMdYcYHoHpeUaJKTU/2l4RnTC1aYcsjunEzZhnUMCCuot7M69c2tGvOz0c6FbXIcMObqPzlsbqqZTceUJsDF1gA+cKDmHtqjvYnewW5sT02BljheAy6e0qFukKMo8zcn4T0ZcF/EwHUuszpg0H4b9ba/DdJuVVmMUmFwtgFUE2AAABNgNBJ6YJzvsO03PwliTb+mkZpT4afKz2ItkI6x6SzlbsTkHtHpLKdOP1jmy7cxESyCIiAiIgIiICIiAiIgIiICIiAiIgV2M2Wj62yt0jn7RzyixWzXQksLrblLu8Rzb5tsWlMsJVsc7GkYdLCw6ZMwe4+EucVspGuU4p6tx8PpIFPZtQZltvtYg6ecyuFjWZyxiLgToz33Syo7Itym8tfiZOpYJF3KL9J1icdpeTGdKOlh3bkqbfrnOkmUtkk6s1uzU+MuLTmaTjk7UvJaj4XDBBlBJ7ZJiJeTTMiIkhERAREQEREBERAREQEREBERAREQEREBERAREQEREBERAREQEREBERAREQEREBERAREQP/2Q==', 17);
INSERT INTO `imagen` (`id_imagen`, `nombre_imagen`, `producto_id_produ`) VALUES
(18, 'data:image/jpeg;base64,/9j/4AAQSkZJRgABAQAAAQABAAD/2wCEAAkGBxAQDw8PDxAQDQ0PDQ0NDQ0PDQ8NDQ0NFREWFhURFRUYHSggGBolGxUVITEhJSkrLi4uFx8zODMsNygtLisBCgoKDg0OGhAPGisdHR0tLSstLS0wKy0tKy0tLisvLSstLS0rKy0tLSstLS0rLS03KzctNy0tNystKysrKy03K//AABEIAOEA4QMBIgACEQEDEQH/xAAcAAEAAQUBAQAAAAAAAAAAAAAAAQIDBAUGBwj/xABREAACAQICAwkGEQoGAwEAAAAAAQIDEQQSBQZRBxMhMUFScZHRU2FikqHBFBUWIiRCVHSBk6KjsbLS4fAlMmNyc4OEs8LTI0NkgpTDMzTxF//EABgBAQEBAQEAAAAAAAAAAAAAAAACAQQD/8QAJBEBAAIBAwQCAwEAAAAAAAAAAAECMREyUQMSEyEiYUGBkXH/2gAMAwEAAhEDEQA/APbwCmpNRTlJqMUrylJpRS2tsCoGJ6aYf3RQ+Pp9pHprhvdFD4+n2gZgMP02w3uih8fT7SPTfDe6aHx9PtAzQYPpxhfdOH/5FLtLtDSFGo7U61Ko9kKsJvqTAyQQAJAAAEEgAAAAAAAAAAAAAAAASCABIIAA0mu8M2i9IrjvgMXwfupG6NbrNDNgcbHnYPFL5qQHy9lWxdSIyrYupC5DYDKti6kUuK2LqQbIbANLYuo7zcfqNY+jFO0XUrcCdlfeHw2OBbO33In+UKH7aovmZEX/AB/sLpn9PoMAFoAAAAAAAASQABIIJAAgkACABIAAAAAAQAMTS0b4fELbh6y64Myi3iI3hNbYTXWmB8mxlwLoRS2URbsuPiXJ3iG3sfUBXchso4dj6iLPY+oCZSO33I5/lCgv078tOSOGcXsfUzstyq60jhr3XsmCtbjvCRF8fxdM/wBfRxABaAkgACSABIIAEggASCABIIAEggASCCQAAAAACDQ630cZUpRpYOKkpuSr+vjCWSytFNtcD4b22G9JRkxrDYnSXzPUxmEi2nUldNppUpPhXH7Usz0jhe6Sf7qa/pNRpSNq9dc2vWj1TaMGR5eGv29PNb6dH6aYTn1F+7fD5CmWk8Jz5/Fy7DmWUNm+Gp5rOllpLCcs6j6KbXmOh3PsRRnpHCui5NRxNG+eNnwto82bOz3KJflCh76wvlkzJ6cR7hsdSZ9Ppq5JAPZ4gAAAACQQAJBAAkECwEgiwAkEACQCAJAsLALgACrKLFQA+TNYo2xmMWzG4yPVXmjVSZutco5dI6Qjsx+M/nSNDKQEMtsqbKWBSzr9y12x9D33g/5hyDOs3Mn7Po++cH/NJvhVMvqXKMpUCkqcosVACmwsVACnKMpURcBYWGZbV1kb5HautAMpNinfY86PjIj0RDnx8ZAV2Fi08VT7pDx4kPG0u60/jI9oF6wsY7x9Hu1L42HaR6Y0O7UvjYdoGTYWMeGkKLaiq1JybsoqrBtvYlcyQIsLEgCLAkADA05pOOFoTrS4WlaEb2z1H+bH8ciZnnH676FxuLqUlQ3t0IQbcZ1HD/Fbd3xcPBbymWnSPSqxrPt4lpnCb7iK1WolKpUrVKk5WSvKUm2/Ka+WjIc2PkN1p2rDD4mtQrK1alPJUy+uipWT4Hy8DRgemuH5c76ILtOb5/bo+H0wXo2PNj1RI9LI81dUTNel8NsqeJHtKPTjDbKviQ+0PmfBhS0Wti6l2GdoSg6VRuPrZNwtKPA00+Bpoj09w69rUf8Ativ6i/g9MUpZpQhO1NKcr2XBw8XD3hPfp7gjs/DsFja/d6/x1Qq9FVu7VfjZnKeq6lzKvi0/tFMtbIckaq6YUn5yvlwn48ut9EVOWrU+MmRvs+6T8eRyK1r8GT/2015yXrX4EuqCGluDWvLq5Tlz5eNIZnzn1yOT9Vb5kvkdhT6qZc2XwZOwaW4b3V5dbm7/AJZE3W3ys5L1UvmS8aH2Sl60S5kvHj9kdtuDury6+y2/SLL8X7Tj/VRLmS+MX2SHrTPmPx19kdtuDvry7O0RaJxkdap8tO/f3y39IetUu5fPP7I7LcHfXl2do/hEZY/hfecRLWepyRa/fN+YeqqrzfnH2Dstwd9eXbWj+ELL8L7zh3rXW5q8eZblrVW2Lx5Dstwd9eXeJr8R+86rQOudSjaniM1elxKfHWgul/nLp4e/yHi0ta6y4ox4ds6j85ep6yVpe1j41TtNit4/CZtScvqLA46lXgqlGaqQfKuR7GuNPvMyDy3cXqOpLFVJcDVLDqycnH10pvlfgrynqR61nWHlaNJAAUkAAHzNunK2mdIr9PSfXh6T85ykjsN1iFtN6Q788LJf8Sj50zjpMCiRQyZMobAhm11fjeOLX+nb6lI1DZvdUaeedeF7Z6Khe17Zna9vhI6m1dNzUxKkey0twyFk3pCbuk+DCRX/AGF6O4bR5cfW+DD015y0PFkVHta3DsPy47E/BSorzFS3D8L7uxfiYf7AHiRJ7ctxDCe7cZ1Yb7BWtxHBcuMxvXhV/wBQHh4PcluJYD3Xj/Hwv9kuR3FdHLjxGOfTVw3mpAeEA97W4zo3uuMf76j/AGytbjei+di3+/j5oAeAEH0Gtx3RWzEv+JfmRP8A+P6J5uIf8VUA+emQz6HW4/ofueIf8ZW7StbkOhu41n/GYn7QHzmyhn0ityPQvuao/wCNxf2ypbkuhfcs/wDm4z+4B81whmlFdJuMPhHY9M1s1NwGExOTDUN7W8wk71atR5m5X/Pk9iNFPR8VxIDuNxOFqeM6MIupVO09NPPtyGnaljH+npQ6qd/6j0EmmFXyAApIAAPnTdmhbTOIfOpYaXzSj/ScFNnoG7k7aYffwWGl8qovMedSkAbKGyHIpcltAls6DUmX+PP9nH66OdcltXWb7Uua9ESV+Ont8OJF9srpuh9ZUPzI/qx+guFnCO9Om/0cPqovFoAAAAAAAAAAAAAAAAAAB5pr6742Xeo0l9L85y1RHS68O+Oq96NJfIT85zkwO33JY+x8Y/8AXNdVGn2ndnFblC9h13zsdUfzVJeY7Umm1V9wACkhDZJz+vOknh8DVkr5qlqEWva57pvqv8NhM6ERq8X3QcUsXi6tfjTllp96lHgj5FfpbOCxWGO0xtPPxNfDdeY1dXQ8pe2h1vsI8leV+O3DkKlEsSgddLVuT/zIdTZaeqs3/mw8V9o8leTx24cm0bnVKVsT0wf14my9SMu7Q8R9plaN1clRnviqxlwWsoNcF1y37xNupWYyqvTtE4fUOj3ejSf6Kn9VGQYui37HofsKX1EZR6vIAAAAAAAAAAAAAAAAAAHluuj9n4jvb0vmoGgmbvW53x2J/XguqnFGjmB6JuXxto+/OxFZ/VXmOuOV3Mo/k2k9tXEPqqyXmOqJpthV90gAKSHK7pa/J03xWrUHfpnbznVHMbpEL6Mr8tpYZ/PwJvtlVN0PIM3hfQUyqeF5UWsngr5TG9+CvFbOJ2rmfw/Kg5Je2XyS1kexpd5RQdFZXwO/Fx/eBWqi5y4dmUlz/VfSimKSS4OSxTLoXX9wH0Fod+xsP73o/URmGBoF+xMN72o/URnHe4EggXAkEXFwJBFwBIIuAJBBIAAAAAB5LrRK+NxP7VrqSXmNNUfAzaaxSvi8T74qrqk0amu/Wy/Vl9Akh6fubq2i8N33iH115s6Y0GoUMujMIv0TfXOT85vya7YVbdIACkhoNe430dieX1tJ8duKrB+Y31zSa6q+jsZ3qEpdTT8xNsSquYeMW73ymMvei/hMZVH+MvYHN/i3YcTsXpR8FeUolxWslw+QtOT/AAo9hTmfR8EewNZe+q3Eihz6DFzO/wCdfxeAh3s+yPYB7/q7L2Hhfe1H6iNhmNNq1U9hYX3vS+qbLOd7glezDMWM4zgX8wzFjOM4F/MMxYzjOBfzE5ixnGcDIzC5Yzk5wL9yblhTKlMC6SW1IqTA8e05K+KxL/1Nf+ZI1eJfrJfqy+gz9KyviK724is/nGa7ES9bLoMnDYy9g1NVtHYP3tTfWr+c3JqdWFlwODWzCYdfNo2eYVwWyrBTmBrFLZp9bo5tH42O3B4jj4v/ABs2cqhrdPyUsJio7cLiF83IycNjLwf0I/A6vuIWHl4PiovNvb9JGeXJY4tXas+hnwcXTlRVLCNc3pyLgLu+PlSfR9xKqbL2Goojh/Ci+9kXaUSw6a5LcVsiv0lc5/8A21i3mfDaXH0L6UY17bq7V9h4X3tR+qjY76cvq5jH6Ew62UKa8hto4k7ow4Zy2W+E74YMaxWqhrGZnGcxVMqUwMnOM5YzDMBkZxnLGYZgL+cb4Y+YhyAyd9G/GI5FEpgbBYhFyGLjytI005sxq02B57pCf+LVvwPfal138zMDFy9ZLoZudZMFZutHibtUXf5JHP1petl0E22yqu6HuOh3bDYdbMNQXzcTNUjV4GVqdNbKdNdUUZcZGwyWVmBYzA1imTMLHwc6dSC45U6kFfiu4tGxlSZj1aL2GNfPjqvgTVn0lyMX3uv7jd09WMRKcs1KcLSt66NuI2VLVefLE8q9ONPb1t1J19OT3p97yk7y+8dlHVmXNK1q1LYb46s8tnEOlLavFfaQqTSbfDwbLHc+piWwx8ZqnVcJKCTk1wcNuET066YI6ltctzq9/wCtQ/Y0/qo3NNFnQmiakKNKM0lKNOEZJO6ulwm4hg7HpGHnOWJCLL0YmXHDFaomsYqiVqJkqkSqYGOok5TI3snewMbKTlMjIMgGNlIcDKyDewMRwKHTM7exvQGtlSMetS4Dc7yUTw4HJYrDXUk1dNNNbUcHpfBOjOUPauzg9sW/pPX54BMwMdqtQxGVVM1oyTWWWV9F9hNo1iYbWdJiWxoLgS7yRlwiZMMJFF1UkaMXKSZeRbAGJsUtFZDNGsrUeFll0EZ9SHCUZDGsJ0CN4M5wIyAYW8EqgZmQlQApp0y6qZXCJcUTWLGQnIX8oygWMhOQvZRlAs5BkL+UZQLOQZC9lFgLOQnIXbE2As5CchdsLAWshTKBfsQ0BiuBVCBdcSYxAuIAAAAAAAFioUsAxqGQAAZKAAvQK0AawJAAgAASAAAAAAAAAABDAApZMQAKgAAAAH//2Q==', 18),
(19, 'data:image/jpeg;base64,/9j/4AAQSkZJRgABAQAAAQABAAD/2wCEAAkGBw8SERUSEg8VEBAQFRAXFRcXEhUVFxYSFRUXFhUSFRUYHSggGBolHRUXITEhJSkrLi4uFx8zODMtNygtLisBCgoKDg0OGxAPGC0lIB4tLS0vLS0tKy0rLisrLS0tLTctLS0tLS43Ny4tLS0tMSstLSstLS0uLS01LisrLSstK//AABEIAOEA4QMBIgACEQEDEQH/xAAbAAEAAgMBAQAAAAAAAAAAAAAABQYBAwQCB//EAEQQAAIBAgMDCQQIAwYHAQAAAAABAgMRBBIhBTFBBhMiUWFxgaGxM3KRwQcjMkKCstHwFFLhFkNTYpOzJDREY5Ki8RX/xAAYAQEBAQEBAAAAAAAAAAAAAAAAAQIEA//EACIRAQEAAgMAAgEFAAAAAAAAAAABAhESITEDQQRRYXGh8P/aAAwDAQACEQMRAD8A+3gAAAAAAAAAAAAAAAAAAAAAAAAAAAAAAAAAAAAAAAAAAAAAAAAC4AAAABcABcXAAAAAAAAAACwAAWAC4AAGbCwGAZsAPIPVhYDzYWPVit8pOWeGwVVUp06tSo4KdqcYtKLbSu5SXU9wFjMWKFP6T6f3cDWfvOMfS5on9Jld6R2b8cRby5suk2+iix8zn9ImOf2cHSj705S9LHifLTbDbXNYaDirtZKjaVr3+2Rdvp9hY+T1eVm12k+fpQT3ZaUXu965duQW16uKwrlWkp1aVWrTnJRUbuLTTstN0luBtYrGbGQBiwsZAGLCxkAYsLGQBixkADFjNgAAAAAAAAAAAAAAAfM/pRo2xeHqf4lKrD/TkpL87PphRPpYo/VYerxhXy+FSEr+cUWJVGUW12Lf2dptqwkmpNJZldW1Xaa6Eo2leTjppbj2PsPE8RTWVXe9ZuxX1aN27ZmNljbn6H2uindL4Lf4+prrY2WbSbvJatO2lt3kc9SVNynZu33P6nmnLWD5u63bn0m7211u/wBDHJuYt7qLm/aPMpWy8LdaLt9EmI/5ql/LOlU/1ItP/bKFO6cujvd925b+HAs/0WYm2OqQ4VaDf4oTjbykzO7a3ljJH1LF4hQi5O17Ssm7ZmouWVeEW/BihiYz0TTaSbV9Vdta+MX8GRHLHGUqOHVSpUjTSqUknJpXzvJKKvxcJTIrkPtahiK9eVOtGclSwycE9V0688zXU+cir9hN96YXIAGgAAAAAACM21Vcctm1fNubXUBJnmVSK3yS72VKvXfFt97IPae1FHoJyzWTeTLmUfxbrpS1SbVu1GM85hN5M/JnMJuvobxtH/Fho7faW/qN0Jpq6aa7Hc+X7P2DJXr01Cc4u3Tc5KcdelGSlmi9Vo3rZ9hJ0qtSi3GVVOalK2V5b07Radr3teTXZuu7XM/Fnnn3cdT9Xjh+Rjbxvv8Av4X8FZwm16tvtZu9fMnsDiHOOZq3/wAT+Z6uh0AAAAAAAAFW+kyhm2dVa30pUZr8NSN/Jss85pK7dkiF5TVqdXCV6Sd5VKVWMei/tOLy8OuwHxqnXSesbqzW/i9zEaU3D7OkXrLjd8P31nlwr08qVNuo7JJSV728jdT2TtN6LBVIp781Wglpxa52/FcCdtdMrDSbV7Jyu1u4dh7jTyp6r6t+N1K2nizZ/Zjab+7Qja9s1eXXrpGlJefBnTT5EY1rXE0o9eWnOovWHDUzxrUzk+nKowcmnJWy700lZaJW0XBaHVyJxOTaOHe5SlUg+3PTkkv/ACSNi5E5b89tG1v5acadl+OpPh193WdOC2Lg6LjKljYzr0pqV5unJtp3VnTUctuuzLMdfbNy2nfp0jfZfdiMN+a3zKd9ANVfx2Nvouao+U3+pbcfXwmKp8zjYOcHKLup1MuaLvGXRakvAzsjklQwz53Z0aMOcVqjk61Zz1TSUnVtC2vB8N1tdJp9BdaP8y+KMfxMN2ZXXoUqrPaCtzmFoVbXs6WKqUJeCnG3/ub6WEnV6TVWjOOi5zm5+MZUpX8ZahFseKiZhiYvsK3QjjIaNRqxTS0azZevpZde9vsO9VJvdQmvelSS+MZyfkRdJpMyReHlVvrGMeq1Rz8nCPzOqOJtvt6F2adRDcoH9nul8iWp1Yy3O5DconrHuZCK9iZkZLA0py5zVVItOVvvRinaLT4d3aSGIOCcXe6Jccc5cc/L/X7xj5cOUmvrtM7KnlpxTikrXSS69Xfrd29eO/icHKDEybpqOXK28/XZReVLsu7+BywxNROzjddevml+poq3lK7/AH2HVc8Mfj4Y76+3J8f42XLlkltnyLnshfVr98EUrAIvGzF9XHuOeu11AAAAAAAAxKKas1dMgqskpSi9Y3kl3XJ4gsYunLvJWsVf2vyajNOVJXvrlv8Alv6PTu3kDKtjKa5pV3FLdFpOS7EnFyS7tOovKm46rsOSW3nwg/FpfJjZZFK/htoVHZVsRv4UsTBdSs8kY8OskMLsnHNWnQlU6pSjR83KtfyLA9sVOEUvFv8AQ1vaVV8UvD9bhOkfT2FjOEKMFxTq5HbuVOaMUuR0s2bnKMJP/JOa8FGVP0O6WNqv778LL0NUqs3vnJ98mDps/szG3TxNvcpRj/uOZ17PhhcNf/iMzdtZOin8KcYoi8hz4nCZlvs0DazS27h19+/dGT+VjzT25CTUYxbbv91cNeLKpTpSWkl4r9CW2RTXOR8fysG03/Gz4LzSMPEVe7x/Q3qielT7C6NuTNUf3vL9TViYTy/blvju03yV9x2zq046SqRj3zivVmmvWhKyi8zUldqMmlx1klbzIbT9OmktEl4EBymxGScXkU+juffwLEVflX7SPufNlJ65sPj8NPRrm32pLz3eZtxWyZVPZ1Eutbv6lcr0zxRxdWn7Oo4/BrwT0RNrxTD5OV7Wz63359e7uN9Dk9UXtJprz+Nir4jaeKk7PEVLdSnJL4JnmMHL7Tcn2tv1Gzit38HSh/1FNPqc439blnwHs493zPnuDoK+4+i4VdCPcCzTaACsgAAAAAQmP9pLw9ETZDbR9o+5en9CVrFzxK84avvZYae9ENVj0pe9L1Yhk1KJsUD2ontRKy1KB6yG3KZygaHTPLgdOUxlA5JUz1hZqElLVWvrG19V/m0Nzielgqkt1OT/AAsDNXakf5ak+11nDyhoR2I2w72VCm+2alUfxbJNbExD/u7d8or53I7aWzJ0ppTtdxvo78Xv+BFjENr4jdGUaa6owil6HZs3EVZzWepKW/S+m7q3EdTgSmy4/WR8fRka0uhVuVD+tXuL80i0lU5Tv678EfVmmZ6gKpx1WdGImcGIqmW2uKcppJXb3I7oUpRaUouL7Sl8o5ucUl/OuLWmSfFPQ07K5XYuhaObnYaJQqLMnd2WWS1S6rWKl6fTcJHVeHqXzD/Yj3L0KXSy54WjkuqEmrtpSlGMmk3wuy7U1ou5CJXoAFZAAAAAAiNqLp/hXzJcitrLpr3V6sLPXHDeiMqwbqSSV3mlu72SUScwq6C7iRclYpYKq91OXwa9Tpp7JrP7qXfJfIsgKyg4bFnxnFd13+hvhsWPGbfckv1JUAcENk0VvTl3v9LG+GBor+7j4q/qdAA8wgluSXcrHoAAVjlSvrI+4vzMs5W+Uq+tj7i/NILPUFGJIbLX1kfE5Ejt2Z7SJlureU7lXO1Z9kYlxKTytpzlWlljeyjf4XLWIrGMxcY75JXfFpeB52RWpTrOM5ZUot31VndcWrcWTdLZVCdPR5ajTXOJ5le9rShJuLV0rq29W13kbLkriXJXTcNylRxHNxduuEqc6lN9kXl7iWNyxB/SHGFOVLmk6iyzlOStLdpG9u9/ux8+wNS7ir6N03btzw8z7OuR7cryp3dlfnZ1p6Ld0lXyvxplM+kPk7Rw3M83GFKdXnF9WqcUlFwasqVOF3ma6UrtdYk0ZXckfSbWr2/l5pfCnHQuyKda+Mkv+5JfBW+RcSxigAKgAAAAAEZtffHuZJkbtf7v4vkFnqPRN4N9BePqyDJrZ/s1+L1ZI1k6QAVgAAAAAABcAVvlJ7Ve4vzSLHcrvKL2q9xfmkFnqIR27K9ovD1RxpHbsr2i8PVGW6tdylcpZyWIk4tppQ/Kt/WW9zKft53rT8PyotYiKpVUpXjLmJt3dlmpyd986d9G+Li03xZPUKuLnFZXTy2+7Vk/Gzp6rxRXJxNLqTjdRnKKe9KTSfekxtqxaKuEqr2uKjBda6D+M5yXkReO2bs2o4uvVVeULOO+STTunamlG/bYr0IdLtJDD0xtOKy7MqUJVouCqOWa7lK1nfe9929S3lL5Ox+tj++KLpcRKAAqAAAAAAR22N0X2v0/oSJwbYXRj73yYWItEzs77HiyEJjZj6Hj8kRrJ2mLmLmGysMg8uRjMB7uLmvMYcgNtwac5jnAN5XOUHtV7kfzSJx1SB27d1FL7uWK8byfzCz1HI7Nle0Xh6o4Uzu2Z7T99aMt1PyZWNqYacqsmlo3o79hYzlqU7mmJVVngp9xpngGWqWGNbwXYTRtU/8A8/it5sp0nHei0LAdh7WzIvehpeTh5Or63wZbkROzdlRpzzJvu4EwkIloACoAAAAABw7XXQXvL0Z23OTavs32NPzCxDErs2XRff8AJESjtwdSy+BGqknIxmOfnAplYb2zGY1XM3A95g2eTIA8tnqxjKBqkceKpqWj1TJLIa50QK3iMK46rVeaN2yn0/D5omv4VHqjgIZlLc1595NNbe4xHNnWoIw4lZcypnrmzdlMqIGhUz3GBtynpIDEInsAAAAAAAAADzI01joseJRArtak4O3B7mbaUtCSxOEzK37RxU8JNNxs9ONiNb6e4M2xRthhmbo0SstCie1A3qmesgGhRPSgblEWA1KB6ymywsB4ynlxNtjAGtRPcYmTKAyYZkAYsLGQBixkAAAAAAAAAAAAAAAAAALAAAAAAAAAAAAAAAAAAAAAAAAAAAAAAAAAAAAAAAAAAAAAAAAAAAAAAAAAAAAAAAAAAAAAAAAAAAAAAAAAAAAAAAAAAAAAAAAAAAAAAAAAAAAAAAH/2Q==', 19);

-- --------------------------------------------------------

--
-- Estructura de tabla para la tabla `migrations`
--

CREATE TABLE `migrations` (
  `id` int(10) UNSIGNED NOT NULL,
  `migration` varchar(255) COLLATE utf8mb4_unicode_ci NOT NULL,
  `batch` int(11) NOT NULL
) ENGINE=InnoDB DEFAULT CHARSET=utf8mb4 COLLATE=utf8mb4_unicode_ci;

--
-- Volcado de datos para la tabla `migrations`
--

INSERT INTO `migrations` (`id`, `migration`, `batch`) VALUES
(1, '2014_10_12_000000_create_users_table', 1),
(2, '2014_10_12_100000_create_password_reset_tokens_table', 1),
(3, '2014_10_12_200000_add_two_factor_columns_to_users_table', 1),
(4, '2019_08_19_000000_create_failed_jobs_table', 1),
(5, '2019_12_14_000001_create_personal_access_tokens_table', 1),
(6, '2023_03_11_154459_create_sessions_table', 1),
(7, '2023_03_12_131522_paises_table', 2),
(8, '2023_03_12_132029_departamento_table', 2),
(9, '2023_03_12_132111_municipios_table', 2);

-- --------------------------------------------------------

--
-- Estructura de tabla para la tabla `municipio`
--

CREATE TABLE `municipio` (
  `id` int(255) NOT NULL,
  `name` varchar(45) COLLATE utf8mb4_unicode_ci DEFAULT NULL,
  `departamentos_id` bigint(20) UNSIGNED DEFAULT NULL
) ENGINE=InnoDB DEFAULT CHARSET=utf8mb4 COLLATE=utf8mb4_unicode_ci;

--
-- Volcado de datos para la tabla `municipio`
--

INSERT INTO `municipio` (`id`, `name`, `departamentos_id`) VALUES
(1, 'Agua de Dios', 1),
(2, 'Albán', 2),
(3, 'Anapoima', 3),
(4, 'Anolaima', 4),
(5, 'Apulo', 5),
(6, 'Arbeláez', 6),
(7, 'Beltrán', 7),
(8, 'Bituima', 8),
(9, 'Bojacá', 9),
(10, 'Cabrera', 10),
(11, 'Floresta', 11),
(15, 'Flores', 15);

-- --------------------------------------------------------

--
-- Estructura de tabla para la tabla `orden`
--

CREATE TABLE `orden` (
  `id_orden` int(10) UNSIGNED NOT NULL,
  `referencia_orden` varchar(30) COLLATE utf8_unicode_ci NOT NULL,
  `estado_orden` varchar(30) COLLATE utf8_unicode_ci NOT NULL,
  `direccion` varchar(30) COLLATE utf8_unicode_ci NOT NULL,
  `hora_pedido` timestamp NOT NULL DEFAULT current_timestamp() ON UPDATE current_timestamp(),
  `cantidad` int(10) NOT NULL,
  `precio` int(10) NOT NULL,
  `cliente_id` int(10) UNSIGNED NOT NULL
) ENGINE=InnoDB DEFAULT CHARSET=utf8 COLLATE=utf8_unicode_ci;

--
-- Volcado de datos para la tabla `orden`
--

INSERT INTO `orden` (`id_orden`, `referencia_orden`, `estado_orden`, `direccion`, `hora_pedido`, `cantidad`, `precio`, `cliente_id`) VALUES
(1, 'KHLZ4556', 'despacho', 'kr 81  # 51 - 68  sur', '2022-06-15 23:23:14', 2, 50000, 1),
(2, 'KHLZZ641', 'pre despacho', 'CARRRERA 79 D No. 54 50 SUR BL', '2022-01-10 20:23:10', 1, 30000, 2),
(3, 'KHLZZ215', 'pre despacho', 'calle 45 sur #72b-17', '2022-11-10 20:23:10', 2, 20000, 3),
(4, 'KHLZZ895', 'pre despacho', 'CRA 72 G BIS#39C-81 SUR', '2022-12-10 20:23:10', 3, 180000, 4),
(5, 'KHLZZ256', 'pre despacho', 'CRA 80 I 41 35', '2022-02-10 20:23:10', 1, 120000, 5),
(6, 'KHLZZ471', 'pre despacho', 'Calle 35C Sur 78C 20', '2022-07-10 20:23:10', 2, 30000, 6),
(7, 'KHLZZ589', 'pre despacho', 'CALLE 42 B SUR 86 G', '2022-04-20 20:23:10', 3, 18000, 7),
(8, 'KHLZZ254', 'pre despacho', 'CALLE 38A SUR #90D-32', '2022-03-09 20:23:10', 2, 20000, 8),
(9, 'KHLZZ698', 'pre despacho', 'CLL 8 BIS D 81B 13', '2022-02-01 20:23:10', 1, 100000, 9),
(10, 'KHLZZ010', 'pre despacho', 'TRASVERSAL 78 A BIS No. 45 05 ', '2022-12-21 20:23:10', 1, 40000, 10),
(11, 'KHLZZ213', 'pre despacho', 'CRA 72 K #40C -14 SUR', '2022-12-21 20:23:10', 2, 30000, 11),
(12, 'KHLZZ487', 'pre despacho', 'cll 38b # 89 c-22', '2022-08-08 20:23:10', 1, 60000, 12),
(13, 'KHLZZ415', 'despacho', 'CALLE 45 BIS A SUR 81J 18', '2022-06-26 20:23:10', 1, 90000, 13),
(14, 'KHLZZ111', 'despacho', 'CALLE 6 SUR #73-59', '2022-06-29 20:23:10', 2, 160000, 14),
(15, 'KHLZZ000', 'despacho', 'CARRERA 99 C No. 42 J 34 SUR', '0000-00-00 00:00:00', 1, 60000, 15),
(16, 'KHLZZ222', 'despacho', 'Carrera 80 Jbis # 42A - 63 sur', '2022-05-31 20:23:10', 2, 120000, 16),
(17, 'KHLZZ255', 'despacho', 'Calle 38 c Sur #88 c-32', '0000-00-00 00:00:00', 1, 35000, 17),
(18, 'KHLZZ522', 'despacho', 'carrera 97 b bis#42a-48 sur', '0000-00-00 00:00:00', 2, 30000, 18),
(19, 'KHLZZ366', 'despacho', 'CARRERA 92 B No. 42 20 SUR', '2022-09-11 20:23:10', 1, 80000, 19),
(20, 'KHLZZ988', 'despacho', 'Calle 26 Sur # 82-59', '2022-04-14 20:23:10', 2, 100000, 20),
(21, 'KHLZZ985', 'despacho', 'Carrera 81 G # 45B 02 SUR', '2022-04-30 20:23:10', 5, 25000, 21),
(22, 'KHLZZ555', 'despacho', 'Carrera 91 c #42c - 56', '2022-04-10 20:23:10', 1, 50000, 22),
(23, 'KHLZZ332', 'despacho', 'CALLE 42 A BIS # 92 B - 27', '2022-02-10 20:23:10', 3, 240000, 23),
(24, 'KHLZZ113', 'despacho', 'CALLE 9 D No. 69 B 80 INTERIOR', '2022-02-17 20:23:10', 2, 120000, 24),
(25, 'KHLZZ229', 'despacho', 'CALLE 38A SUR #90D-32', '2022-02-19 20:23:10', 3, 60000, 25),
(26, 'KHLZZ994', 'despacho', 'Carrera 78 p # 54 b sur 12 int', '0000-00-00 00:00:00', 1, 40000, 26),
(27, 'KHLZZ137', 'despacho', 'CALLE 38A SUR #90D-32', '2022-08-29 20:23:10', 2, 160000, 27),
(28, 'KHLZZ771', 'despacho', 'kr 87a 6a 15', '2022-06-15 20:23:10', 1, 80000, 28),
(29, 'KHL7Zgyu9', 'despacho', 'kr 87a 6a 15', '2021-04-15 16:23:10', 2, 300000, 29),
(30, 'KHLdhu259871', 'despacho', 'kr 88a 6B 22', '2022-06-15 23:23:10', 2, 60000, 30);

-- --------------------------------------------------------

--
-- Estructura de tabla para la tabla `orden_has_producto`
--

CREATE TABLE `orden_has_producto` (
  `orden_id` int(10) UNSIGNED NOT NULL,
  `producto_id_produ` int(10) UNSIGNED NOT NULL
) ENGINE=InnoDB DEFAULT CHARSET=utf8 COLLATE=utf8_unicode_ci;

-- --------------------------------------------------------

--
-- Estructura de tabla para la tabla `pago`
--

CREATE TABLE `pago` (
  `id_pago` int(10) NOT NULL,
  `metodo_pago` varchar(50) COLLATE utf8_unicode_ci NOT NULL,
  `fecha_pago` date NOT NULL,
  `hora_pago` timestamp NOT NULL DEFAULT current_timestamp() ON UPDATE current_timestamp()
) ENGINE=InnoDB DEFAULT CHARSET=utf8 COLLATE=utf8_unicode_ci;

--
-- Volcado de datos para la tabla `pago`
--

INSERT INTO `pago` (`id_pago`, `metodo_pago`, `fecha_pago`, `hora_pago`) VALUES
(1, 'Targeta', '2022-04-07', '2023-04-29 14:50:41'),
(2, 'Efectivo', '2022-05-07', '2023-04-29 14:50:41'),
(3, 'Targeta', '2022-01-12', '2023-04-29 14:50:41'),
(4, 'PSE', '2022-06-23', '2023-04-29 14:50:41'),
(5, 'Efectivo', '2022-06-15', '2023-04-29 14:50:41'),
(6, 'Targeta', '2022-06-01', '2023-04-29 14:50:41'),
(7, 'PSE', '2022-06-09', '2023-04-29 14:50:41'),
(8, 'PSE', '2022-04-07', '2023-04-29 14:50:41'),
(9, 'Efectivo', '2022-01-25', '2023-04-29 14:50:41'),
(10, 'Targeta', '2022-05-26', '2023-04-29 14:50:41'),
(11, 'Targeta', '2022-05-14', '2023-04-29 14:50:41'),
(12, 'Targeta', '2022-03-16', '2023-04-29 14:50:41'),
(13, 'Targeta', '2022-02-25', '2023-04-29 14:50:41'),
(14, 'Targeta', '2022-05-23', '2023-04-29 14:50:41'),
(15, 'Targeta', '2022-06-30', '2023-04-29 14:50:41'),
(16, 'Targeta', '2022-04-28', '2023-04-29 14:50:41'),
(17, 'Targeta', '2022-05-05', '2023-04-29 14:50:41'),
(18, 'Targeta', '2022-04-07', '2023-04-29 14:50:41'),
(19, 'Efectivo', '2022-05-07', '2023-04-29 14:50:41'),
(20, 'Targeta', '2022-01-12', '2023-04-29 14:50:41');

-- --------------------------------------------------------

--
-- Estructura de tabla para la tabla `pais`
--

CREATE TABLE `pais` (
  `id` int(255) NOT NULL,
  `name` varchar(45) COLLATE utf8mb4_unicode_ci DEFAULT NULL
) ENGINE=InnoDB DEFAULT CHARSET=utf8mb4 COLLATE=utf8mb4_unicode_ci;

--
-- Volcado de datos para la tabla `pais`
--

INSERT INTO `pais` (`id`, `name`) VALUES
(1, 'Colombia'),
(2, 'Argentina');

-- --------------------------------------------------------

--
-- Estructura de tabla para la tabla `password_reset_tokens`
--

CREATE TABLE `password_reset_tokens` (
  `email` varchar(255) COLLATE utf8mb4_unicode_ci NOT NULL,
  `token` varchar(255) COLLATE utf8mb4_unicode_ci NOT NULL,
  `created_at` timestamp NULL DEFAULT NULL
) ENGINE=InnoDB DEFAULT CHARSET=utf8mb4 COLLATE=utf8mb4_unicode_ci;

-- --------------------------------------------------------

--
-- Estructura de tabla para la tabla `personal_access_tokens`
--

CREATE TABLE `personal_access_tokens` (
  `id` bigint(20) UNSIGNED NOT NULL,
  `tokenable_type` varchar(255) COLLATE utf8mb4_unicode_ci NOT NULL,
  `tokenable_id` bigint(20) UNSIGNED NOT NULL,
  `name` varchar(255) COLLATE utf8mb4_unicode_ci NOT NULL,
  `token` varchar(64) COLLATE utf8mb4_unicode_ci NOT NULL,
  `abilities` text COLLATE utf8mb4_unicode_ci DEFAULT NULL,
  `last_used_at` timestamp NULL DEFAULT NULL,
  `expires_at` timestamp NULL DEFAULT NULL,
  `created_at` timestamp NULL DEFAULT NULL,
  `updated_at` timestamp NULL DEFAULT NULL
) ENGINE=InnoDB DEFAULT CHARSET=utf8mb4 COLLATE=utf8mb4_unicode_ci;

-- --------------------------------------------------------

--
-- Estructura de tabla para la tabla `producto`
--

CREATE TABLE `producto` (
  `id_produ` int(10) UNSIGNED NOT NULL,
  `Nom_produ` varchar(50) COLLATE utf8_unicode_ci NOT NULL,
  `Tipo_produ` varchar(50) COLLATE utf8_unicode_ci NOT NULL,
  `cant_produ` int(11) NOT NULL,
  `precio` int(10) NOT NULL,
  `categoria_id_categoria` int(10) NOT NULL
) ENGINE=InnoDB DEFAULT CHARSET=utf8 COLLATE=utf8_unicode_ci;

--
-- Volcado de datos para la tabla `producto`
--

INSERT INTO `producto` (`id_produ`, `Nom_produ`, `Tipo_produ`, `cant_produ`, `precio`, `categoria_id_categoria`) VALUES
(1, 'Escritorio madera lannister', 'escritorio', 10, 250000, 1),
(2, 'Mesa tv 65', 'mesa', 20, 300000, 1),
(3, 'Mesa flotante tv good', 'mesa', 19, 100000, 1),
(4, 'mesa tv flat 65', 'mesa', 18, 60000, 1),
(5, 'Escritorio gamer formeo', 'escritorio', 17, 1200000, 2),
(6, 'Escritorio gamer trinity', 'escritorio', 69, 150000, 2),
(7, 'Escritorio gamer', 'escritorio', 32, 60000, 2),
(8, 'Escritorio gamer formeo', 'escritorio', 20, 10000, 2),
(9, 'cama nido multifuncional', 'cama', 3, 1000000, 3),
(10, 'cama alcala', 'cama', 20, 400000, 3),
(11, 'Closet burdeos', 'closet', 10, 150000, 3),
(12, 'base cama flotante bali', 'cama', 2, 600000, 3),
(13, 'Mueble Auxiliar Torre para Microondas', 'mueble', 10, 900000, 4),
(14, 'Mueble Superior para Microondas', 'mueble', 4, 800000, 4),
(15, 'Mueble Superior de Cocina', 'mueble', 8, 600000, 4),
(16, 'Mueble Auxiliar Alicante ', 'mueble', 52, 600000, 4),
(17, 'Escritorio en madera Lannister', 'escritorio', 3, 3500000, 5),
(18, 'Escritorio en madera Mikasa', 'escritorio', 23, 1500000, 5),
(19, 'Escritorio Biblioteca Galicia', 'escritorio', 5, 800000, 5);

-- --------------------------------------------------------

--
-- Estructura de tabla para la tabla `producto_has_proveedor`
--

CREATE TABLE `producto_has_proveedor` (
  `producto_id_produ` int(10) UNSIGNED NOT NULL,
  `proveedor_id_proveedor` int(10) NOT NULL
) ENGINE=InnoDB DEFAULT CHARSET=utf8 COLLATE=utf8_unicode_ci;

-- --------------------------------------------------------

--
-- Estructura de tabla para la tabla `proveedor`
--

CREATE TABLE `proveedor` (
  `id_proveedor` int(10) NOT NULL,
  `nombre` varchar(50) COLLATE utf8_unicode_ci NOT NULL,
  `apellido` varchar(50) COLLATE utf8_unicode_ci NOT NULL,
  `nombre_empresa` varchar(50) COLLATE utf8_unicode_ci NOT NULL,
  `Cantidad_prodcuto` int(10) NOT NULL
) ENGINE=InnoDB DEFAULT CHARSET=utf8 COLLATE=utf8_unicode_ci;

--
-- Volcado de datos para la tabla `proveedor`
--

INSERT INTO `proveedor` (`id_proveedor`, `nombre`, `apellido`, `nombre_empresa`, `Cantidad_prodcuto`) VALUES
(1, 'ANGIE', 'PERDOMO', 'closet', 39),
(2, 'AURA', 'SANCHEZ', 'escritorio gamer', 104),
(3, 'BRAYAN', 'LEON', 'escritorio', 55),
(4, 'CINDY', 'LIZARAZO', 'cocina muebles', 32),
(5, 'DANIELA', 'MARTÍNEZ', 'camas', 22),
(6, 'DIANA', 'DAZA', 'armarios', 78),
(7, 'GERALDY', 'GUERRERO', 'madera ramirez', 56),
(8, 'HEIDY', 'CLAVIJO', 'el mejor mueble', 53),
(9, 'JENNIFER', 'QUINTERO', 'muebles hogar', 87),
(10, 'ANGEL', 'SERRANO', 'camas y mucho mas', 78);

-- --------------------------------------------------------

--
-- Estructura de tabla para la tabla `roles`
--

CREATE TABLE `roles` (
  `id` int(10) UNSIGNED NOT NULL,
  `name` varchar(50) COLLATE utf8_unicode_ci NOT NULL
) ENGINE=InnoDB DEFAULT CHARSET=utf8 COLLATE=utf8_unicode_ci;

--
-- Volcado de datos para la tabla `roles`
--

INSERT INTO `roles` (`id`, `name`) VALUES
(1, 'Administrador'),
(3, 'Cliente'),
(2, 'Visitante');

-- --------------------------------------------------------

--
-- Estructura de tabla para la tabla `sessions`
--

CREATE TABLE `sessions` (
  `id` varchar(255) COLLATE utf8mb4_unicode_ci NOT NULL,
  `user_id` bigint(20) UNSIGNED DEFAULT NULL,
  `ip_address` varchar(45) COLLATE utf8mb4_unicode_ci DEFAULT NULL,
  `user_agent` text COLLATE utf8mb4_unicode_ci DEFAULT NULL,
  `payload` longtext COLLATE utf8mb4_unicode_ci NOT NULL,
  `last_activity` int(11) NOT NULL
) ENGINE=InnoDB DEFAULT CHARSET=utf8mb4 COLLATE=utf8mb4_unicode_ci;

--
-- Volcado de datos para la tabla `sessions`
--

INSERT INTO `sessions` (`id`, `user_id`, `ip_address`, `user_agent`, `payload`, `last_activity`) VALUES
('aqL8SjpnWinsgOQXxr9AfFi6G8T9GNvCUUCy8KpW', 2, '127.0.0.1', 'Mozilla/5.0 (Windows NT 10.0; Win64; x64) AppleWebKit/537.36 (KHTML, like Gecko) Chrome/113.0.0.0 Safari/537.36 Edg/113.0.1774.57', 'YTo2OntzOjY6Il90b2tlbiI7czo0MDoieFcxM2p5MUU1SjczOVBvMEFYdVc1QmdJNnZRQ04xZXpqeFhZeW1hMSI7czozOiJ1cmwiO2E6MDp7fXM6OToiX3ByZXZpb3VzIjthOjE6e3M6MzoidXJsIjtzOjMxOiJodHRwOi8vMTI3LjAuMC4xOjgwMDAvZGFzaGJvYXJkIjt9czo2OiJfZmxhc2giO2E6Mjp7czozOiJvbGQiO2E6MDp7fXM6MzoibmV3IjthOjA6e319czo1MDoibG9naW5fd2ViXzU5YmEzNmFkZGMyYjJmOTQwMTU4MGYwMTRjN2Y1OGVhNGUzMDk4OWQiO2k6MjtzOjIxOiJwYXNzd29yZF9oYXNoX3NhbmN0dW0iO3M6NjA6IiQyeSQxMCRvV2packtpZ0pjNThlUkNLanBsOEd1R3dGeXJHTzkvallJU1lMOER2NjIwcWdEVUdvVXAwTyI7fQ==', 1685741059),
('FtOJXTAV7O7nd0v2yYvBq9fKOEBHqScvwgxQbQ82', 2, '127.0.0.1', 'Mozilla/5.0 (Windows NT 10.0; Win64; x64) AppleWebKit/537.36 (KHTML, like Gecko) Chrome/113.0.0.0 Safari/537.36 Edg/113.0.1774.57', 'YTo0OntzOjY6Il90b2tlbiI7czo0MDoidGxqcDNNYUxXeDVxSWVCM0tVTHhnbmJwcm9DSFMxc3dETE43NVR2aiI7czo2OiJfZmxhc2giO2E6Mjp7czozOiJvbGQiO2E6MDp7fXM6MzoibmV3IjthOjA6e319czo5OiJfcHJldmlvdXMiO2E6MTp7czozOiJ1cmwiO3M6MzE6Imh0dHA6Ly8xMjcuMC4wLjE6ODAwMC9kYXNoYm9hcmQiO31zOjUwOiJsb2dpbl93ZWJfNTliYTM2YWRkYzJiMmY5NDAxNTgwZjAxNGM3ZjU4ZWE0ZTMwOTg5ZCI7aToyO30=', 1685732369);

-- --------------------------------------------------------

--
-- Estructura de tabla para la tabla `tipo_documento`
--

CREATE TABLE `tipo_documento` (
  `id_tipDocum` int(10) UNSIGNED NOT NULL,
  `Nombre_TipDoc` varchar(50) COLLATE utf8_unicode_ci NOT NULL,
  `Acronimo` varchar(50) COLLATE utf8_unicode_ci NOT NULL
) ENGINE=InnoDB DEFAULT CHARSET=utf8 COLLATE=utf8_unicode_ci;

--
-- Volcado de datos para la tabla `tipo_documento`
--

INSERT INTO `tipo_documento` (`id_tipDocum`, `Nombre_TipDoc`, `Acronimo`) VALUES
(1, 'Targeta identidad', 'TI'),
(2, 'Cedula Ciudadana', 'CC'),
(3, 'Cedula Extrangera', 'CE');

-- --------------------------------------------------------

--
-- Estructura de tabla para la tabla `users`
--

CREATE TABLE `users` (
  `id` bigint(20) UNSIGNED NOT NULL,
  `name` varchar(255) COLLATE utf8mb4_unicode_ci NOT NULL,
  `email` varchar(255) COLLATE utf8mb4_unicode_ci NOT NULL,
  `email_verified_at` timestamp NULL DEFAULT NULL,
  `password` varchar(255) COLLATE utf8mb4_unicode_ci NOT NULL,
  `two_factor_secret` text COLLATE utf8mb4_unicode_ci DEFAULT NULL,
  `two_factor_recovery_codes` text COLLATE utf8mb4_unicode_ci DEFAULT NULL,
  `two_factor_confirmed_at` timestamp NULL DEFAULT NULL,
  `remember_token` varchar(100) COLLATE utf8mb4_unicode_ci DEFAULT NULL,
  `current_team_id` bigint(20) UNSIGNED DEFAULT NULL,
  `profile_photo_path` varchar(2048) COLLATE utf8mb4_unicode_ci DEFAULT NULL,
  `created_at` timestamp NULL DEFAULT NULL,
  `updated_at` timestamp NULL DEFAULT NULL
) ENGINE=InnoDB DEFAULT CHARSET=utf8mb4 COLLATE=utf8mb4_unicode_ci;

--
-- Volcado de datos para la tabla `users`
--

INSERT INTO `users` (`id`, `name`, `email`, `email_verified_at`, `password`, `two_factor_secret`, `two_factor_recovery_codes`, `two_factor_confirmed_at`, `remember_token`, `current_team_id`, `profile_photo_path`, `created_at`, `updated_at`) VALUES
(1, 'brandon', 'crisbradiaz@gmail.com', NULL, '$2y$10$9gj6Jw.yxVhKouQtGyscx.mEqvBTYr17cEEEQUEmN2PJ.JiL/Ub3C', NULL, NULL, NULL, NULL, NULL, NULL, '2023-03-12 18:09:37', '2023-03-12 18:09:37'),
(2, 'crisbra', 'prueba@gmail.com', NULL, '$2y$10$oWjZrKigJc58eRCKjpl8GuGwFyrGO9/jYISYL8Dv620qgDUGoUp0O', NULL, NULL, NULL, '0L75A1t3gCkhHx2KWQpH2pj6mLRC66BGWzYDVNpoJc8TLJyDlEVH7dX0VGaJ', NULL, NULL, '2023-04-29 18:47:33', '2023-04-29 18:47:33');

-- --------------------------------------------------------

--
-- Estructura de tabla para la tabla `usuario`
--

CREATE TABLE `usuario` (
  `id_usuario` int(10) UNSIGNED NOT NULL,
  `email` varchar(255) COLLATE utf8_unicode_ci NOT NULL,
  `password` varchar(20) COLLATE utf8_unicode_ci NOT NULL,
  `activo` int(10) DEFAULT NULL,
  `tipo_documento_id_tipDocum` int(10) UNSIGNED NOT NULL,
  `cliente_id` int(10) UNSIGNED NOT NULL
) ENGINE=InnoDB DEFAULT CHARSET=utf8 COLLATE=utf8_unicode_ci;

--
-- Volcado de datos para la tabla `usuario`
--

INSERT INTO `usuario` (`id_usuario`, `email`, `password`, `activo`, `tipo_documento_id_tipDocum`, `cliente_id`) VALUES
(1, 'Chayansolano18@gmail.com', 'Vlj1U&cDdxAk', 1, 2, 2),
(2, 'Angellotriana-931024@hotmail.com', 'xYE4t1kS%wn%', 1, 2, 3),
(3, 'santiper19@hotmail.com', 'Q3@Va6%VRSGt', 1, 2, 4),
(4, 'juanda.2928@outlook.com', 'ww49Zg@8MCIg', 1, 2, 5),
(5, 'cagonzalez390@misena.edu.co', '809@C4*4w&Lh', 1, 2, 6),
(6, 'diegoRodRiguezv1@outlook.es', '^sPYi&^D%qme', 1, 2, 7),
(7, 'famendieta@misena.edu.com', 'b7G%gjAgv8EX', 1, 2, 8),
(8, 'gina90996@gmail.com', '#Sz&UtsNNFBm', 1, 2, 9),
(9, 'jaiderangarita01@gmail.com', 'x^%AT$wfTxmm', 1, 2, 10),
(10, 'Mamanche40@gmail.com', '$C7zYjh2E7V!', 1, 2, 11),
(11, 'jeissonramir@gmail.com', 'Mqza4H6%V5Cw', 1, 2, 12),
(12, 'belajaramillo70@gmail.com', '*rXNFTUvVb2e', 1, 2, 13),
(13, 'jhon10gar@gmail.com', 'LyNIGHtaLETE', 1, 2, 14),
(14, 'groundmazter@gmail.com', 'aliONiCEStAl', 1, 2, 15),
(15, 'lorenasilva71994@gmail.com', 'Hola123456', 1, 2, 16),
(16, 'leidypalomino9@gmail.com', 'oPHiMPONtRid', 1, 2, 17),
(17, 'luiisadiiaz27@gmail.com', 'yPREdiONorEt', 1, 2, 18),
(18, 'Juancamilocorzo05@gmail.com', 'ConteyeaStiL', 1, 2, 19),
(19, 'mairariano05@gmail.com', 'lailATiVeRVE', 1, 2, 20),
(20, 'marisoltorresMT81@gmail.com', 'OunGeRlaRbaT', 1, 2, 21),
(21, 'lilianaydavid2010@gmail.com', 'boNadOXiOulc', 1, 2, 22),
(22, 'pabloamejiaf@gmail.com', 'oeNstarBorYs	', 1, 2, 23),
(23, 'tpenuela082@gmail.com', 'HINKOUsulativ', 1, 2, 24),
(24, 'stiven.lozano@uniminuto.edu.co', 'HeUPsoRKLePOc', 1, 3, 25),
(25, 'Ximenapedraza456@gmail.com', 'iltYpECtOnEL', 1, 3, 26),
(26, 'xiomysalazarb1@gmail.com', 'coNTeNtioNSe', 1, 3, 27),
(27, 'jeimynep78@gmail.com', 'QUetUrsTIbID', 1, 3, 28),
(28, 'montesmarcela73@gmail.com', 'IcIonebULInG', 1, 3, 29),
(29, 'marcelaysalome@outlook.com', 'wAinghTeGmeS', 1, 3, 30);

-- --------------------------------------------------------

--
-- Estructura de tabla para la tabla `usuario_has_roles`
--

CREATE TABLE `usuario_has_roles` (
  `usuario_id_usuario` int(10) UNSIGNED NOT NULL,
  `roles_id` int(10) UNSIGNED NOT NULL
) ENGINE=InnoDB DEFAULT CHARSET=utf8 COLLATE=utf8_unicode_ci;

--
-- Índices para tablas volcadas
--

--
-- Indices de la tabla `carrito`
--
ALTER TABLE `carrito`
  ADD PRIMARY KEY (`id_carrito`);

--
-- Indices de la tabla `categoria`
--
ALTER TABLE `categoria`
  ADD PRIMARY KEY (`id_categoria`);

--
-- Indices de la tabla `cliente`
--
ALTER TABLE `cliente`
  ADD PRIMARY KEY (`id_cliente`);

--
-- Indices de la tabla `departamento`
--
ALTER TABLE `departamento`
  ADD PRIMARY KEY (`id`),
  ADD KEY `departamento_pais_id_index` (`pais_id`);

--
-- Indices de la tabla `factura`
--
ALTER TABLE `factura`
  ADD PRIMARY KEY (`id_factura`),
  ADD UNIQUE KEY `referencia_pago` (`referencia_pago`),
  ADD KEY `factura_pago` (`pago_id_pago`),
  ADD KEY `factura_orden` (`orden_id`);

--
-- Indices de la tabla `failed_jobs`
--
ALTER TABLE `failed_jobs`
  ADD PRIMARY KEY (`id`),
  ADD UNIQUE KEY `failed_jobs_uuid_unique` (`uuid`);

--
-- Indices de la tabla `imagen`
--
ALTER TABLE `imagen`
  ADD PRIMARY KEY (`id_imagen`),
  ADD KEY `imagen_producto` (`producto_id_produ`);

--
-- Indices de la tabla `migrations`
--
ALTER TABLE `migrations`
  ADD PRIMARY KEY (`id`);

--
-- Indices de la tabla `municipio`
--
ALTER TABLE `municipio`
  ADD PRIMARY KEY (`id`),
  ADD KEY `municipio_departamentos_id_index` (`departamentos_id`);

--
-- Indices de la tabla `orden`
--
ALTER TABLE `orden`
  ADD PRIMARY KEY (`id_orden`),
  ADD UNIQUE KEY `referencia_orden` (`referencia_orden`),
  ADD KEY `cliente` (`cliente_id`);

--
-- Indices de la tabla `orden_has_producto`
--
ALTER TABLE `orden_has_producto`
  ADD PRIMARY KEY (`orden_id`,`producto_id_produ`),
  ADD KEY `orden_has_producto_producto` (`producto_id_produ`),
  ADD KEY `orden_has_producto_orden` (`orden_id`);

--
-- Indices de la tabla `pago`
--
ALTER TABLE `pago`
  ADD PRIMARY KEY (`id_pago`);

--
-- Indices de la tabla `pais`
--
ALTER TABLE `pais`
  ADD PRIMARY KEY (`id`);

--
-- Indices de la tabla `password_reset_tokens`
--
ALTER TABLE `password_reset_tokens`
  ADD PRIMARY KEY (`email`);

--
-- Indices de la tabla `personal_access_tokens`
--
ALTER TABLE `personal_access_tokens`
  ADD PRIMARY KEY (`id`),
  ADD UNIQUE KEY `personal_access_tokens_token_unique` (`token`),
  ADD KEY `personal_access_tokens_tokenable_type_tokenable_id_index` (`tokenable_type`,`tokenable_id`);

--
-- Indices de la tabla `producto`
--
ALTER TABLE `producto`
  ADD PRIMARY KEY (`id_produ`),
  ADD KEY `producto_categoria` (`categoria_id_categoria`);

--
-- Indices de la tabla `producto_has_proveedor`
--
ALTER TABLE `producto_has_proveedor`
  ADD PRIMARY KEY (`producto_id_produ`,`proveedor_id_proveedor`),
  ADD KEY `producto_has_proveedor_proveedor1` (`proveedor_id_proveedor`),
  ADD KEY `producto_has_proveedor_producto1_idx` (`producto_id_produ`);

--
-- Indices de la tabla `proveedor`
--
ALTER TABLE `proveedor`
  ADD PRIMARY KEY (`id_proveedor`);

--
-- Indices de la tabla `roles`
--
ALTER TABLE `roles`
  ADD PRIMARY KEY (`id`),
  ADD UNIQUE KEY `name` (`name`);

--
-- Indices de la tabla `sessions`
--
ALTER TABLE `sessions`
  ADD PRIMARY KEY (`id`),
  ADD KEY `sessions_user_id_index` (`user_id`),
  ADD KEY `sessions_last_activity_index` (`last_activity`);

--
-- Indices de la tabla `tipo_documento`
--
ALTER TABLE `tipo_documento`
  ADD PRIMARY KEY (`id_tipDocum`),
  ADD UNIQUE KEY `Nombre_TipDoc` (`Nombre_TipDoc`);

--
-- Indices de la tabla `users`
--
ALTER TABLE `users`
  ADD PRIMARY KEY (`id`),
  ADD UNIQUE KEY `users_email_unique` (`email`);

--
-- Indices de la tabla `usuario`
--
ALTER TABLE `usuario`
  ADD PRIMARY KEY (`id_usuario`),
  ADD UNIQUE KEY `email` (`email`),
  ADD KEY `usuario_tipo_documento` (`tipo_documento_id_tipDocum`),
  ADD KEY `usuario_cliente` (`cliente_id`);

--
-- Indices de la tabla `usuario_has_roles`
--
ALTER TABLE `usuario_has_roles`
  ADD PRIMARY KEY (`usuario_id_usuario`,`roles_id`),
  ADD KEY `usuario_has_roles_roles1_idx` (`roles_id`),
  ADD KEY `usuario_has_roles_usuario1_idx` (`usuario_id_usuario`);

--
-- AUTO_INCREMENT de las tablas volcadas
--

--
-- AUTO_INCREMENT de la tabla `carrito`
--
ALTER TABLE `carrito`
  MODIFY `id_carrito` int(11) NOT NULL AUTO_INCREMENT, AUTO_INCREMENT=39;

--
-- AUTO_INCREMENT de la tabla `categoria`
--
ALTER TABLE `categoria`
  MODIFY `id_categoria` int(10) NOT NULL AUTO_INCREMENT, AUTO_INCREMENT=6;

--
-- AUTO_INCREMENT de la tabla `cliente`
--
ALTER TABLE `cliente`
  MODIFY `id_cliente` int(10) UNSIGNED NOT NULL AUTO_INCREMENT, AUTO_INCREMENT=31;

--
-- AUTO_INCREMENT de la tabla `departamento`
--
ALTER TABLE `departamento`
  MODIFY `id` int(255) NOT NULL AUTO_INCREMENT, AUTO_INCREMENT=17;

--
-- AUTO_INCREMENT de la tabla `failed_jobs`
--
ALTER TABLE `failed_jobs`
  MODIFY `id` bigint(20) UNSIGNED NOT NULL AUTO_INCREMENT;

--
-- AUTO_INCREMENT de la tabla `migrations`
--
ALTER TABLE `migrations`
  MODIFY `id` int(10) UNSIGNED NOT NULL AUTO_INCREMENT, AUTO_INCREMENT=10;

--
-- AUTO_INCREMENT de la tabla `municipio`
--
ALTER TABLE `municipio`
  MODIFY `id` int(255) NOT NULL AUTO_INCREMENT, AUTO_INCREMENT=17;

--
-- AUTO_INCREMENT de la tabla `orden`
--
ALTER TABLE `orden`
  MODIFY `id_orden` int(10) UNSIGNED NOT NULL AUTO_INCREMENT, AUTO_INCREMENT=31;

--
-- AUTO_INCREMENT de la tabla `pais`
--
ALTER TABLE `pais`
  MODIFY `id` int(255) NOT NULL AUTO_INCREMENT, AUTO_INCREMENT=5;

--
-- AUTO_INCREMENT de la tabla `personal_access_tokens`
--
ALTER TABLE `personal_access_tokens`
  MODIFY `id` bigint(20) UNSIGNED NOT NULL AUTO_INCREMENT;

--
-- AUTO_INCREMENT de la tabla `producto`
--
ALTER TABLE `producto`
  MODIFY `id_produ` int(10) UNSIGNED NOT NULL AUTO_INCREMENT, AUTO_INCREMENT=21;

--
-- AUTO_INCREMENT de la tabla `proveedor`
--
ALTER TABLE `proveedor`
  MODIFY `id_proveedor` int(10) NOT NULL AUTO_INCREMENT, AUTO_INCREMENT=11;

--
-- AUTO_INCREMENT de la tabla `roles`
--
ALTER TABLE `roles`
  MODIFY `id` int(10) UNSIGNED NOT NULL AUTO_INCREMENT, AUTO_INCREMENT=4;

--
-- AUTO_INCREMENT de la tabla `tipo_documento`
--
ALTER TABLE `tipo_documento`
  MODIFY `id_tipDocum` int(10) UNSIGNED NOT NULL AUTO_INCREMENT, AUTO_INCREMENT=4;

--
-- AUTO_INCREMENT de la tabla `users`
--
ALTER TABLE `users`
  MODIFY `id` bigint(20) UNSIGNED NOT NULL AUTO_INCREMENT, AUTO_INCREMENT=3;

--
-- AUTO_INCREMENT de la tabla `usuario`
--
ALTER TABLE `usuario`
  MODIFY `id_usuario` int(10) UNSIGNED NOT NULL AUTO_INCREMENT, AUTO_INCREMENT=30;

--
-- Restricciones para tablas volcadas
--

--
-- Filtros para la tabla `factura`
--
ALTER TABLE `factura`
  ADD CONSTRAINT `factura_orden` FOREIGN KEY (`orden_id`) REFERENCES `orden` (`id_orden`),
  ADD CONSTRAINT `factura_pago` FOREIGN KEY (`pago_id_pago`) REFERENCES `pago` (`id_pago`);

--
-- Filtros para la tabla `imagen`
--
ALTER TABLE `imagen`
  ADD CONSTRAINT `imagen_producto` FOREIGN KEY (`producto_id_produ`) REFERENCES `producto` (`id_produ`);

--
-- Filtros para la tabla `orden`
--
ALTER TABLE `orden`
  ADD CONSTRAINT `orden_ibfk_1` FOREIGN KEY (`cliente_id`) REFERENCES `cliente` (`id_cliente`);

--
-- Filtros para la tabla `orden_has_producto`
--
ALTER TABLE `orden_has_producto`
  ADD CONSTRAINT `orden_has_producto_orden` FOREIGN KEY (`orden_id`) REFERENCES `orden` (`id_orden`),
  ADD CONSTRAINT `orden_has_producto_producto` FOREIGN KEY (`producto_id_produ`) REFERENCES `producto` (`id_produ`);

--
-- Filtros para la tabla `producto`
--
ALTER TABLE `producto`
  ADD CONSTRAINT `producto_categoria` FOREIGN KEY (`categoria_id_categoria`) REFERENCES `categoria` (`id_categoria`);

--
-- Filtros para la tabla `producto_has_proveedor`
--
ALTER TABLE `producto_has_proveedor`
  ADD CONSTRAINT `producto_has_proveedor_producto1` FOREIGN KEY (`producto_id_produ`) REFERENCES `producto` (`id_produ`),
  ADD CONSTRAINT `producto_has_proveedor_proveedor` FOREIGN KEY (`proveedor_id_proveedor`) REFERENCES `proveedor` (`id_proveedor`);

--
-- Filtros para la tabla `usuario`
--
ALTER TABLE `usuario`
  ADD CONSTRAINT `usuario_cliente` FOREIGN KEY (`cliente_id`) REFERENCES `cliente` (`id_cliente`),
  ADD CONSTRAINT `usuario_tipo_documento` FOREIGN KEY (`tipo_documento_id_tipDocum`) REFERENCES `tipo_documento` (`id_tipDocum`);

--
-- Filtros para la tabla `usuario_has_roles`
--
ALTER TABLE `usuario_has_roles`
  ADD CONSTRAINT `usuario_has_roles_roles` FOREIGN KEY (`roles_id`) REFERENCES `roles` (`id`),
  ADD CONSTRAINT `usuario_has_roles_usuario` FOREIGN KEY (`usuario_id_usuario`) REFERENCES `usuario` (`id_usuario`);
COMMIT;

/*!40101 SET CHARACTER_SET_CLIENT=@OLD_CHARACTER_SET_CLIENT */;
/*!40101 SET CHARACTER_SET_RESULTS=@OLD_CHARACTER_SET_RESULTS */;
/*!40101 SET COLLATION_CONNECTION=@OLD_COLLATION_CONNECTION */;
